temperature,humidity,pm2_5,pm10,user_key,risk_label,risk_label_numeric
1.5507654583335924,-0.1571890988286924,7.451553080952115,7.116062672015588,190,Yellow,1
0.7545125961021899,-0.1571890988286924,5.129528110461564,5.3466291930506475,190,Red,2
0.9558851297059553,-0.2543806683861512,3.1072665208272623,3.179038377355594,190,Red,2
0.9411054942121007,0.6203434576309781,1.737789146357081,1.660193431997018,190,Red,2
1.3456980158563634,0.5231518880735193,-0.19013066859149605,-0.2554166915716353,190,Yellow,1
0.3739369821354406,-0.2543806683861512,-0.5522813520624995,-0.5338483955787071,190,Red,2
0.3739369821354406,-0.2543806683861512,-0.5522813520624995,-0.5338483955787071,190,Yellow,1
-0.01772335845169931,0.23157717940114286,-0.5507597105353104,-0.20390682633032706,190,Red,2
-0.01772335845169931,0.23157717940114286,-0.5507597105353104,-0.20390682633032706,190,Red,2
0.6824618730696499,0.717535027188437,0.21766926069518008,1.1437026210639003,190,Red,2
0.6824618730696499,0.717535027188437,0.21766926069518008,1.1437026210639003,190,Red,2
0.5383604270045702,0.717535027188437,0.003117805361518341,0.3042310334825789,190,Red,2
0.5383604270045702,0.717535027188437,0.003117805361518341,0.3042310334825789,190,Yellow,1
0.02107318471966816,0.6203434576309781,2.5107830421691384,2.336782472734203,190,Red,2
0.02107318471966816,0.6203434576309781,2.5107830421691384,2.336782472734203,190,Red,2
0.139310268670503,0.6203434576309781,1.296513103472245,1.2133105470656682,190,Red,2
0.139310268670503,0.6203434576309781,1.296513103472245,1.2133105470656682,190,Yellow,1
-0.047282629439408023,-0.35157223794361003,2.262755473237317,2.1349194873290753,190,Red,2
-0.047282629439408023,-0.35157223794361003,2.262755473237317,2.1349194873290753,190,Red,2
0.6473602387717456,0.717535027188437,0.9465355522187544,1.3956833131903,190,Red,2
0.6473602387717456,0.717535027188437,0.9465355522187544,1.3956833131903,190,Yellow,1
0.8431904090653161,0.03719404028622523,0.6345990391449908,0.8875454533773941,190,Red,2
0.8431904090653161,0.03719404028622523,0.6345990391449908,0.8875454533773941,190,Yellow,1
-0.09346899035770284,1.203492874975731,0.7958930410270344,0.9933495009000813,190,Red,2
-0.09346899035770284,1.203492874975731,0.7958930410270344,0.9933495009000813,190,Yellow,1
-0.4167735167857665,0.23157717940114286,1.941689111000419,2.1933901451705604,190,Red,2
-0.4167735167857665,0.23157717940114286,1.941689111000419,2.1933901451705604,190,Yellow,1
0.8542751356857066,-0.2543806683861512,-0.390987350180456,-0.30831871533297894,190,Yellow,1
0.8542751356857066,-0.2543806683861512,-0.390987350180456,-0.30831871533297894,190,Yellow,1
-0.19138407550448805,1.1063013054182722,0.07007003255783836,0.8318591125759798,190,Red,2
-0.19138407550448805,1.1063013054182722,0.07007003255783836,0.8318591125759798,190,Red,2
0.8524276812489752,1.0091097358608134,-0.2190418576080888,-0.18720092408990271,190,Red,2
0.8524276812489752,1.0091097358608134,-0.2190418576080888,-0.18720092408990271,190,Yellow,1
0.4312080696741262,0.9119181663033545,0.23745060054863823,0.31954477720296776,190,Yellow,1
0.4312080696741262,0.9119181663033545,0.23745060054863823,0.31954477720296776,190,Yellow,1
0.8394955001918526,0.23157717940114286,0.004639446888707399,-0.017357584645589005,190,Yellow,1
0.8394955001918526,0.23157717940114286,0.004639446888707399,-0.017357584645589005,190,Yellow,1
-0.2892991606512729,-0.35157223794361003,-0.3879440671260778,-0.13847537588866524,190,Yellow,1
-0.2892991606512729,-0.35157223794361003,-0.3879440671260778,-0.13847537588866524,190,Yellow,1
-0.6347731403201183,0.23157717940114286,-0.5583679181712559,-0.6883779913026318,190,Red,2
-0.6347731403201183,0.23157717940114286,-0.5583679181712559,-0.6883779913026318,190,Red,2
0.2926489869192418,-1.3234879335181982,-0.25708289578781607,-0.29718144717269607,190,Red,2
0.2926489869192418,-1.3234879335181982,-0.25708289578781607,-0.29718144717269607,190,Yellow,1
0.06910700007469472,-0.1571890988286924,-0.5888007487150376,-0.7482408076641524,190,Red,2
0.06910700007469472,-0.1571890988286924,-0.5888007487150376,-0.7482408076641524,190,Yellow,1
-0.4574175143938661,0.32876874895860164,-0.6116253716228741,-0.514358176298212,190,Red,2
-0.4574175143938661,0.32876874895860164,-0.6116253716228741,-0.514358176298212,190,Red,2
-0.14335026014946148,0.8147265967458958,0.018334220633409323,0.06617192655653259,190,Red,2
-0.14335026014946148,0.8147265967458958,0.018334220633409323,0.06617192655653259,190,Red,2
0.41458097974354013,1.0091097358608134,1.0986997049376634,0.9237415748983134,190,Red,2
0.41458097974354013,1.0091097358608134,1.0986997049376634,0.9237415748983134,190,Red,2
-0.5738071439079692,1.4950675836481075,3.515066450113938,3.3502738753199433,190,Yellow,1
-0.5738071439079692,1.4950675836481075,3.515066450113938,3.3502738753199433,190,Yellow,1
-0.3428753393164951,0.8147265967458958,2.8242411967700916,2.5456062507395063,190,Red,2
-0.3428753393164951,0.8147265967458958,2.8242411967700916,2.5456062507395063,190,Yellow,1
-0.6865018645486084,-0.44876380750106887,-0.4533746527952087,-0.036847803926083986,190,Yellow,1
-0.6865018645486084,-0.44876380750106887,-0.4533746527952087,-0.036847803926083986,190,Yellow,1
-0.4260107889694256,0.8147265967458958,-0.4883724079205577,-0.33198541017358,190,Red,2
-0.4260107889694256,0.8147265967458958,-0.4883724079205577,-0.33198541017358,190,Red,2
-1.0929418406296028,0.8147265967458958,-0.4183768976698596,-0.26516180121188276,190,Red,2
-1.0929418406296028,0.8147265967458958,-0.4183768976698596,-0.26516180121188276,190,Yellow,1
-0.19877389325141506,0.23157717940114286,0.6848132095422308,0.5743097863694384,190,Red,2
-0.19877389325141506,0.23157717940114286,0.6848132095422308,0.5743097863694384,190,Yellow,1
-0.5109936930590883,-1.6150626421905747,-0.4564179358495868,-0.1704950218494784,190,Yellow,1
-0.5109936930590883,-1.6150626421905747,-0.4564179358495868,-0.1704950218494784,190,Yellow,1
-1.1945518346498514,-1.3234879335181982,-0.5644544842800122,-0.3974168606152419,190,Red,2
-1.1945518346498514,-1.3234879335181982,-0.5644544842800122,-0.3974168606152419,190,Red,2
-0.23941789085951462,0.8147265967458958,2.0405958102677095,1.8620564174021452,190,Red,2
-0.23941789085951462,0.8147265967458958,2.0405958102677095,1.8620564174021452,190,Red,2
-0.4703496954509887,0.8147265967458958,2.162327132442837,1.9678604649248324,190,Red,2
-0.4703496954509887,0.8147265967458958,2.162327132442837,1.9678604649248324,190,Red,2
0.5716146068657424,1.4950675836481075,-0.4031604823979687,-0.4614561525368684,190,Red,2
0.5124960648903251,0.5231518880735193,-0.3042537831306778,-0.48233853033739876,190,Yellow,1
0.5124960648903251,0.5231518880735193,-0.3042537831306778,-0.48233853033739876,190,Yellow,1
-0.7936542218790524,0.23157717940114286,-0.6359716360578995,-0.7036917350230207,190,Red,2
-0.7530102242709529,-0.1571890988286924,-0.49902389861088137,-0.6062406386205457,190,Red,2
-0.7530102242709529,-0.1571890988286924,-0.49902389861088137,-0.6062406386205457,190,Red,2
-0.8416880372340789,0.6203434576309781,-0.38946570865326685,-0.44057377473633796,190,Yellow,1
-0.8416880372340789,0.6203434576309781,-0.38946570865326685,-0.44057377473633796,190,Red,2
-0.43894297002654825,-0.1571890988286924,-0.559889559698445,-0.6173779067808285,190,Red,2
-0.4740446043244522,0.8147265967458958,0.10354614615599832,0.4852116410871754,190,Yellow,1
-0.4740446043244522,0.8147265967458958,0.10354614615599832,0.4852116410871754,190,Red,2
-0.8084338573729067,0.8147265967458958,-0.06839934641636886,-0.009004633525376785,190,Red,2
-0.8084338573729067,0.8147265967458958,-0.06839934641636886,-0.009004633525376785,190,Yellow,1
0.29819135022943705,0.23157717940114286,-0.4792425587574232,-0.3180638249732265,190,Red,2
0.29819135022943705,0.23157717940114286,-0.4792425587574232,-0.3180638249732265,190,Yellow,1
-0.154434986769852,-0.35157223794361003,-0.3149052738210015,-0.273514752332095,190,Yellow,1
-0.154434986769852,-0.35157223794361003,-0.3149052738210015,-0.273514752332095,190,Red,2
0.02661554802986342,0.717535027188437,-0.35751123658229594,-0.518534651858318,190,Red,2
0.02661554802986342,0.717535027188437,-0.35751123658229594,-0.518534651858318,190,Yellow,1
-0.4518751510836708,0.5231518880735193,-0.6496664098026014,-0.7969663558653898,190,Yellow,1
-0.4518751510836708,0.5231518880735193,-0.6496664098026014,-0.7969663558653898,190,Red,2
-0.6329256858833863,0.4259603185160605,-0.5644544842800122,-0.6145935897407578,190,Red,2
-0.6329256858833863,0.4259603185160605,-0.5644544842800122,-0.6145935897407578,190,Yellow,1
-0.727145862156708,-0.8375300857309042,-0.6831425234007613,-0.7872212462251423,190,Yellow,1
-1.8374659786325152,0.13438560984368403,0.29070805400025646,0.17476029111929048,190,Red,2
-1.8374659786325152,0.13438560984368403,0.29070805400025646,0.17476029111929048,190,Yellow,1
-1.8725676129304192,-0.1571890988286924,-0.4533746527952087,-0.5811817852599093,190,Yellow,1
-1.8725676129304192,-0.1571890988286924,-0.4533746527952087,-0.5811817852599093,190,Yellow,1
-1.055992751894967,-0.6431469466159865,-0.42902838836018325,-0.24288726489131712,190,Yellow,1
-1.055992751894967,-0.6431469466159865,-0.42902838836018325,-0.24288726489131712,190,Yellow,1
-1.4624327279759612,-0.2543806683861512,-0.5492380690081213,-0.4809463718173634,190,Yellow,1
-1.4624327279759612,-0.2543806683861512,-0.5492380690081213,-0.4809463718173634,190,Yellow,1
-0.7160611355363171,0.23157717940114286,-0.42446346377861593,-0.4141227628556662,190,Yellow,1
-0.7160611355363171,0.23157717940114286,-0.42446346377861593,-0.4141227628556662,190,Yellow,1
-0.9192811235768142,-0.35157223794361003,-0.5188052384643396,0.06477976803649714,190,Yellow,1
-0.9192811235768142,-0.35157223794361003,-0.5188052384643396,0.06477976803649714,190,Yellow,1
-1.394076913816885,0.13438560984368403,-0.4062037654523469,0.2401917415609523,190,Red,2
-1.394076913816885,0.13438560984368403,-0.4062037654523469,0.2401917415609523,190,Yellow,1
-0.28375679734107767,0.8147265967458958,-0.12622172444955426,0.003524793154941424,190,Yellow,1
-0.28375679734107767,0.8147265967458958,-0.12622172444955426,0.003524793154941424,190,Yellow,1
-0.341027884879763,0.8147265967458958,-0.3985955578164014,-0.36122073909432256,190,Yellow,1
-0.341027884879763,0.8147265967458958,-0.3985955578164014,-0.36122073909432256,190,Yellow,1
-0.3170109772022499,0.8147265967458958,0.8263258715708162,0.677329516852055,190,Yellow,1
-0.4888242398183065,0.8147265967458958,0.77002513506482,0.705172687252762,190,Yellow,1
-0.4888242398183065,0.8147265967458958,0.77002513506482,0.705172687252762,190,Red,2
-0.24496025416970987,-0.35157223794361003,-0.4031604823979687,-0.2623774841718121,190,Yellow,1
-0.24496025416970987,-0.35157223794361003,-0.4031604823979687,-0.2623774841718121,190,Yellow,1
-0.23018061867585551,0.8147265967458958,-0.01970681754631793,0.7497217598938936,190,Yellow,1
-0.23018061867585551,0.8147265967458958,-0.01970681754631793,0.7497217598938936,190,Yellow,1
-0.5848918705283597,0.8147265967458958,-0.3118619907666233,-0.3960247020952065,190,Yellow,1
-0.9100438513931554,1.4950675836481075,0.941970627637187,0.7441531258137523,190,Yellow,1
-0.9100438513931554,1.4950675836481075,0.941970627637187,0.7441531258137523,190,Yellow,1
-1.0208911175970627,-0.35157223794361003,-0.5568462766440668,-0.4962601155377524,190,Yellow,1
-0.9340607590706685,0.8147265967458958,-0.4381582375233178,-0.06051449876668507,190,Yellow,1
-0.762247496454612,0.6203434576309781,-0.48076420028461225,-0.4085541287755247,190,Red,2
-1.035670753090917,-1.906637350862951,-0.5690194088615795,-0.2902206545725193,190,Yellow,1
-1.055992751894967,-1.6150626421905747,-0.5857574656606596,-0.3584364220542519,190,Red,2
-1.055992751894967,-1.6150626421905747,-0.5857574656606596,-0.3584364220542519,190,Yellow,1
-1.6009918107308456,-1.0319132248458218,-0.36359780269105235,-0.34033836129379214,190,Yellow,1
-1.6009918107308456,-1.0319132248458218,-0.36359780269105235,-0.34033836129379214,190,Yellow,1
-1.3885345505066895,0.23157717940114286,0.48699981100764894,0.39054486172477104,190,Red,2
-1.3885345505066895,0.23157717940114286,0.48699981100764894,0.39054486172477104,190,Red,2
-1.3460430984618583,-1.5178710726331157,-0.5735843334431469,-0.4350051406561966,190,Yellow,1
-1.5788223574900642,0.8147265967458958,-0.6055388055141178,-0.7371035395038694,190,Red,2
-1.5788223574900642,0.8147265967458958,-0.6055388055141178,-0.7371035395038694,190,Yellow,1
-1.7561779834163165,-1.8094457813054923,-0.6268417868947649,-0.44057377473633796,190,Green,0
-1.9409234270894957,-2.00382892042041,-0.6831425234007613,-0.7454564906240815,190,Yellow,1
-0.7179085899730488,0.8147265967458958,-0.5888007487150376,-0.6730642475822429,190,Yellow,1
-1.055992751894967,-0.35157223794361003,-0.6831425234007613,-0.7538094417442938,190,Yellow,1
-1.055992751894967,-0.35157223794361003,-0.6831425234007613,-0.7538094417442938,190,Yellow,1
-1.9058217927915915,-0.059997529271233585,-0.6161902962044412,-0.4809463718173634,190,Yellow,1
-1.9058217927915915,-0.059997529271233585,-0.6161902962044412,-0.4809463718173634,190,Yellow,1
-1.9575505170200818,1.4950675836481075,-0.5827141826062813,-0.7357113809838339,190,Yellow,1
-1.4772123634698158,-0.44876380750106887,-0.49750225708369233,-0.6619269794219601,190,Yellow,1
-1.2721449209925866,-0.44876380750106887,-0.6831425234007613,-0.755201600264329,190,Yellow,1
-2.0314486944893533,0.32876874895860164,-0.3088187077122451,-0.2609853256517768,190,Yellow,1
-2.0314486944893533,0.32876874895860164,-0.3088187077122451,-0.2609853256517768,190,Yellow,1
-2.1644654139340425,0.8147265967458958,-0.3955522747620232,-0.4029854946953833,190,Yellow,1
-1.1465180192948248,-0.9347216552883629,-0.680099240346383,-0.7538094417442938,190,Yellow,1
-1.436568365861716,0.13438560984368403,-0.6557529759113577,-0.785829087705107,190,Red,2
-1.3183312819108814,-0.1571890988286924,-0.6831425234007613,-0.7440643321040462,190,Yellow,1
-1.3183312819108814,-0.1571890988286924,-0.6831425234007613,-0.7440643321040462,190,Yellow,1
-2.214346683725801,0.13438560984368403,-0.07296427099793616,-0.1621420707292663,190,Red,2
-0.28560425177780946,0.8147265967458958,-0.3301216890928924,-0.43778945769626726,190,Red,2
-0.28560425177780946,0.8147265967458958,-0.3301216890928924,-0.43778945769626726,190,Yellow,1
-0.23757043642278286,-0.35157223794361003,-0.02275010060069618,0.11072099919766398,190,Yellow,1
-0.4832818765081113,1.0091097358608134,-0.36511944421824144,-0.386279592454959,190,Red,2
-0.8010440396259794,-0.35157223794361003,-0.5796708995519032,-0.6118092727006871,190,Red,2
-1.322026190784345,0.8147265967458958,0.15832524113480562,0.07034840211663858,190,Red,2
-2.1256688707626745,0.5231518880735193,1.549105596985634,1.4416245443514666,190,Red,2
-1.1243485660540433,0.4259603185160605,-0.49445897402931405,-0.5602994074593788,190,Red,2
-1.7247712579918757,0.6203434576309781,-0.02427174212788524,-0.14822048552891265,190,Yellow,1
-1.3201787363476132,-1.3234879335181982,-0.5401082198449868,0.1037602065974872,190,Yellow,1
-1.7968219810244157,-2.5869783377651627,-0.6511880513297904,-0.5073973836980352,190,Red,2
-2.4766852137417152,-0.8375300857309042,3.0600956334844005,2.858841917747462,190,Yellow,1
-2.4766852137417152,-0.8375300857309042,3.0600956334844005,2.858841917747462,190,Yellow,1
-1.6379408994654816,1.4950675836481075,3.4587657136079417,3.233332559636973,190,Red,2
-1.0245860264705264,1.4950675836481075,-0.28447244327721966,-0.1663185462893723,190,Yellow,1
-1.608381628477773,1.4950675836481075,-0.6633611835473031,-0.5700445170996263,190,Yellow,1
-1.8374659786325152,0.23157717940114286,-0.6344499945307104,-0.7398878565439401,190,Red,2
-1.8374659786325152,0.23157717940114286,-0.6344499945307104,-0.7398878565439401,190,Yellow,1
-1.412551458184203,1.1063013054182722,0.5326490568233218,0.3807997520845235,190,Yellow,1
-0.8971116703360327,1.203492874975731,0.1613685241891837,0.07591703619678002,190,Red,2
-0.8971116703360327,1.203492874975731,0.1613685241891837,0.07591703619678002,190,Yellow,1
-1.1576027459152154,1.4950675836481075,0.3394005828703073,0.1552700718387955,190,Red,2
0.18734408402552954,0.8147265967458958,-0.392508991707645,-0.518534651858318,190,Red,2
0.18734408402552954,0.8147265967458958,-0.392508991707645,-0.518534651858318,190,Yellow,1
0.08203918113181732,1.4950675836481075,-0.4503313697408305,-0.386279592454959,190,Yellow,1
-0.032502993945553664,0.23157717940114286,0.26027522345647464,0.7831335643747422,190,Yellow,1
-0.24680770860644163,0.13438560984368403,-0.31947019840256874,-0.47955421329732806,190,Yellow,1
-0.7807220408219298,-0.44876380750106887,-0.5538029935896887,-0.6312994919811821,190,Red,2
-1.3645176428291763,1.1063013054182722,-0.6831425234007613,-0.8011428314254959,190,Red,2
-1.909516701665055,0.13438560984368403,-0.6511880513297904,-0.6326916505012176,190,Yellow,1
-2.692837382839335,-0.44876380750106887,0.6178609823459109,0.549250933008802,190,Red,2
-1.8042117987713426,-0.44876380750106887,-0.6344499945307104,-0.6326916505012176,190,Yellow,1
-1.2610601943721957,1.4950675836481075,-0.5492380690081213,-0.7064760520630916,190,Red,2
-1.8559405229998331,0.13438560984368403,-0.678577598819194,-0.7816526121450008,190,Yellow,1
-1.7654152555999751,0.8147265967458958,0.21614761916799102,0.2791721801219425,190,Yellow,1
-0.8804845804054466,1.4950675836481075,1.4182444256473723,1.3859382035500525,190,Yellow,1
-0.8804845804054466,1.4950675836481075,1.4182444256473723,1.3859382035500525,190,Red,2
-2.1773975949911653,0.03719404028622523,1.148913875334903,1.6810758097975487,190,Red,2
-2.0499232388566715,0.13438560984368403,1.3467272738694849,1.4346637517512901,190,Yellow,1
-2.1977195937952145,0.03719404028622523,1.4121578595386157,1.4611147636319617,190,Red,2
-1.6065341740410413,1.0091097358608134,1.7438757124658373,1.5655266526346137,190,Yellow,1
-1.5270936332615739,0.8147265967458958,0.7837199088095217,0.7107413213329037,190,Red,2
-1.9834148791343267,0.8147265967458958,-0.15056798888457973,-0.04380859652626075,190,Yellow,1
-2.358448129790881,-0.6431469466159865,1.8519122608962628,1.8021936010406245,190,Red,2
-1.5381783598819647,0.8147265967458958,0.945013910691565,0.8416042222162273,190,Yellow,1
-1.671195079326654,-1.1291047944032806,-0.5994522394053613,-0.4544953599366916,190,Yellow,1
-1.5917545385471867,0.23157717940114286,-0.42902838836018325,-0.34869131241400436,190,Yellow,1
-1.484602181216743,-0.5459553770585277,-0.4716343511214778,-0.475377737737222,190,Yellow,1
-1.0504503885847716,-0.6431469466159865,-0.6633611835473031,-0.7440643321040462,190,Yellow,1
-1.5585003586860147,-0.6431469466159865,0.28918641247306726,0.14830927923861872,190,Red,2
-1.8134490709550017,0.13438560984368403,0.7380706629938489,0.5353293478084484,190,Yellow,1
-1.9335336093425683,0.8147265967458958,0.47786996184451463,0.31258398460279113,190,Red,2
-0.8860269437156421,0.23157717940114286,-0.6329283530035212,-0.7190054787434098,190,Yellow,1
-2.044380875546476,0.8147265967458958,0.40635281006662727,0.7650355036142827,190,Yellow,1
-0.5424004184835287,-0.35157223794361003,-0.5690194088615795,-0.627123016421076,190,Red,2
-2.025906331179158,-0.1571890988286924,-0.5355432952634196,-0.3111030323730496,190,Yellow,1
-1.5640427219962099,-1.420679503075657,-0.6831425234007613,-0.7983585143854252,190,Yellow,1
-1.8707201584936874,-0.44876380750106887,-0.6542313343841685,-0.666103454982066,190,Yellow,1
-0.5738071439079692,0.23157717940114286,-0.43663659599612864,-0.5825739437799445,190,Yellow,1
-1.0208911175970627,-0.35157223794361003,-0.5964089563509831,-0.657750503861854,190,Yellow,1
-1.0208911175970627,-0.35157223794361003,-0.5964089563509831,-0.657750503861854,190,Yellow,1
-1.5030767255840607,0.13438560984368403,-0.5325000122090413,-0.6786328816623843,190,Yellow,1
-1.560347813122746,-0.44876380750106887,-0.6374932775850886,-0.6702799305421722,190,Yellow,1
-0.813976220683102,-0.9347216552883629,0.9206676462565396,0.9251337334183487,190,Yellow,1
-0.813976220683102,-0.9347216552883629,0.9206676462565396,0.9251337334183487,190,Yellow,1
-1.7875847088407566,-0.9347216552883629,1.1169594032639323,1.0559966343016727,190,Yellow,1
-1.2739923754293183,0.8147265967458958,0.9008863064030815,0.7719962962144593,190,Yellow,1
-1.2739923754293183,0.8147265967458958,0.9008863064030815,0.7719962962144593,190,Yellow,1
-1.0947892950663345,0.8147265967458958,-0.4001171993435905,-0.49069148145761093,190,Yellow,1
-1.0947892950663345,0.8147265967458958,-0.4001171993435905,-0.49069148145761093,190,Yellow,1
-1.2666025576823912,0.717535027188437,5.007796788286436,4.554490995150529,190,Yellow,1
-1.2666025576823912,0.717535027188437,5.007796788286436,4.554490995150529,190,Yellow,1
-1.135433292674434,-0.1571890988286924,5.93904140292616,5.697453140099559,190,Yellow,1
-1.135433292674434,-0.1571890988286924,5.93904140292616,5.697453140099559,190,Yellow,1
0.3517675288946592,1.0091097358608134,-0.4640261434855323,-0.5338483955787071,217,Green,0
0.769292231596044,-0.8375300857309042,-0.3118619907666233,-0.4475345673365148,294,Green,0
0.769292231596044,-0.8375300857309042,-0.3118619907666233,-0.4475345673365148,294,Green,0
0.46815715840876193,-0.2543806683861512,-0.2464314050974924,-0.21643625301064526,294,Green,0
0.3961064353762219,0.4259603185160605,-0.2814291602228415,-0.386279592454959,294,Green,0
0.3961064353762219,0.4259603185160605,-0.2814291602228415,-0.386279592454959,294,Green,0
0.4478351596047123,0.13438560984368403,0.045723768122812904,0.08983862139713368,294,Yellow,1
0.4478351596047123,0.13438560984368403,0.045723768122812904,0.08983862139713368,294,Green,0
0.17071699409494345,0.9119181663033545,1.1017429879920415,1.0476436831814604,294,Yellow,1
0.17071699409494345,0.9119181663033545,1.1017429879920415,1.0476436831814604,294,Yellow,1
0.4755469761556893,0.03719404028622523,-0.051661289617288816,-0.1537891196090541,294,Yellow,1
0.4755469761556893,0.03719404028622523,-0.051661289617288816,-0.1537891196090541,294,Green,0
0.3314455300906093,0.8147265967458958,-0.18404410248273975,-0.34033836129379214,294,Green,0
0.3314455300906093,0.8147265967458958,-0.18404410248273975,-0.34033836129379214,294,Yellow,1
0.7785295037797031,-0.1571890988286924,-0.5370649367906086,-0.6855936742625611,294,Green,0
0.7785295037797031,-0.1571890988286924,-0.5370649367906086,-0.6855936742625611,294,Green,0
0.39056407206602667,0.13438560984368403,-0.4609828604311541,-0.5923190534201921,294,Green,0
0.39056407206602667,0.13438560984368403,-0.4609828604311541,-0.5923190534201921,294,Green,0
-0.13041807909233888,1.1063013054182722,-0.36664108574543053,-0.529671920018601,294,Green,0
-0.13041807909233888,1.1063013054182722,-0.36664108574543053,-0.529671920018601,294,Green,0
0.5568349713718881,0.4259603185160605,-0.526413446100285,-0.6521818697817126,294,Green,0
0.5568349713718881,0.4259603185160605,-0.526413446100285,-0.6521818697817126,294,Green,0
0.47739443059242104,0.4259603185160605,0.05181033423156927,-0.024318377245765774,294,Green,0
0.47739443059242104,0.4259603185160605,0.05181033423156927,-0.024318377245765774,294,Green,0
0.4589198862251029,0.13438560984368403,-0.4625045019583432,-0.5338483955787071,294,Green,0
0.4589198862251029,0.13438560984368403,-0.4625045019583432,-0.5338483955787071,294,Yellow,1
0.3111235312865597,1.1063013054182722,-0.3331649721472706,-0.37931879985478223,294,Green,0
0.3111235312865597,1.1063013054182722,-0.3331649721472706,-0.37931879985478223,294,Yellow,1
0.3942589809394902,0.9119181663033545,-0.13078664903112158,-0.21782841153068058,294,Yellow,1
0.3942589809394902,0.9119181663033545,-0.13078664903112158,-0.21782841153068058,294,Green,0
0.48108933946588456,0.32876874895860164,-0.34990302894635056,-0.4809463718173634,294,Green,0
0.48108933946588456,0.32876874895860164,-0.34990302894635056,-0.4809463718173634,294,Yellow,1
0.6565975109554048,0.8147265967458958,-0.3681627272726196,-0.5171424933382828,294,Yellow,1
0.6565975109554048,0.8147265967458958,-0.3681627272726196,-0.5171424933382828,294,Yellow,1
0.8080887747674118,-0.5459553770585277,-0.645101485221034,-0.7927898803052837,294,Green,0
0.8080887747674118,-0.5459553770585277,-0.645101485221034,-0.7927898803052837,294,Yellow,1
0.7545125961021899,-0.5459553770585277,-0.289037367858787,-0.32780893461347393,294,Yellow,1
0.7545125961021899,-0.5459553770585277,-0.289037367858787,-0.32780893461347393,294,Yellow,1
0.40719116199661276,0.6203434576309781,-0.19926051775463058,-0.12455379068831156,294,Green,0
0.40719116199661276,0.6203434576309781,-0.19926051775463058,-0.12455379068831156,294,Green,0
0.9096987687876604,0.32876874895860164,-0.5477164274809323,-0.6786328816623843,294,Yellow,1
0.9096987687876604,0.32876874895860164,-0.5477164274809323,-0.6786328816623843,294,Green,0
1.7539854463740898,-1.5178710726331157,-0.10491874306890706,-0.15518127812908955,294,Green,0
1.7539854463740898,-1.5178710726331157,-0.10491874306890706,-0.15518127812908955,294,Green,0
1.6061890914355461,-0.8375300857309042,-0.4777209172302341,-0.2943971301326254,294,Green,0
1.6061890914355461,-0.8375300857309042,-0.4777209172302341,-0.2943971301326254,294,Yellow,1
0.9466478575222962,0.8147265967458958,-0.3590328781094851,-0.25263237453156456,294,Green,0
0.9466478575222962,0.8147265967458958,-0.3590328781094851,-0.25263237453156456,294,Green,0
0.9909867640038595,0.23157717940114286,-0.004490402274427083,0.08705430435706289,294,Green,0
0.9909867640038595,0.23157717940114286,-0.004490402274427083,0.08705430435706289,294,Green,0
0.7914616848368257,0.8147265967458958,1.3223810094344592,1.255075302666729,294,Green,0
0.7914616848368257,0.8147265967458958,1.3223810094344592,1.255075302666729,294,Green,0
1.0667323959098625,-0.059997529271233585,0.3135326769080927,0.3167604601628971,294,Green,0
0.4034962531231493,0.13438560984368403,-0.35751123658229594,-0.24567158193138777,294,Green,0
0.4034962531231493,0.13438560984368403,-0.35751123658229594,-0.24567158193138777,294,Green,0
0.2279880816336288,0.5231518880735193,-0.2175202160808997,-0.12455379068831156,294,Green,0
0.2279880816336288,0.5231518880735193,-0.2175202160808997,-0.12455379068831156,294,Green,0
1.1886643887341608,-1.2262963639607394,-0.10948366765047436,-0.21086761893050382,294,Green,0
1.1886643887341608,-1.2262963639607394,-0.10948366765047436,-0.21086761893050382,294,Green,0
0.3388353478375366,1.203492874975731,-0.060791138780423436,0.08426998731699224,294,Green,0
0.3388353478375366,1.203492874975731,-0.060791138780423436,0.08426998731699224,294,Green,0
0.1503949952908935,0.4259603185160605,-0.5401082198449868,-0.6257308579010408,294,Green,0
0.2834117147355827,-0.7403385161734453,-0.5568462766440668,-0.6647112964620308,294,Green,0
0.2834117147355827,-0.7403385161734453,-0.5568462766440668,-0.6647112964620308,294,Green,0
0.06541209120123122,1.1063013054182722,-0.17947917790117243,-0.36122073909432256,294,Green,0
0.06541209120123122,1.1063013054182722,-0.17947917790117243,-0.36122073909432256,294,Green,0
0.1596322674745526,0.9119181663033545,-0.5766276164975249,-0.7036917350230207,294,Green,0
0.1596322674745526,0.9119181663033545,-0.5766276164975249,-0.7036917350230207,294,Green,0
-0.12302826134541155,0.717535027188437,-0.5827141826062813,-0.677240723142349,294,Green,0
-0.12302826134541155,0.717535027188437,-0.5827141826062813,-0.677240723142349,294,Green,0
-0.20062134768814682,1.203492874975731,-0.4914156909749359,-0.5602994074593788,294,Green,0
-0.20062134768814682,1.203492874975731,-0.4914156909749359,-0.5602994074593788,294,Green,0
-0.6772645923649493,1.203492874975731,-0.559889559698445,-0.5895347363801214,294,Green,0
-0.6772645923649493,1.203492874975731,-0.559889559698445,-0.5895347363801214,294,Green,0
-0.23757043642278286,0.6203434576309781,-0.25251797120624875,-0.29718144717269607,294,Green,0
-0.23757043642278286,0.6203434576309781,-0.25251797120624875,-0.29718144717269607,294,Green,0
0.07649681782162207,0.23157717940114286,-0.08209412016107065,-0.24288726489131712,294,Green,0
0.3092760768498279,1.203492874975731,-0.543151502899365,-0.7092603691031623,294,Green,0
0.3092760768498279,1.203492874975731,-0.543151502899365,-0.7092603691031623,294,Green,0
0.10051372549913519,0.4259603185160605,-0.6374932775850886,-0.7997506729054605,294,Green,0
0.42566570636393064,1.0091097358608134,-0.5157619554099614,-0.6828093572224905,294,Green,0
0.42566570636393064,1.0091097358608134,-0.5157619554099614,-0.6828093572224905,294,Green,0
0.5051062471433977,-0.35157223794361003,-0.5948873148237941,-0.6786328816623843,294,Green,0
0.5051062471433977,-0.35157223794361003,-0.5948873148237941,-0.6786328816623843,294,Green,0
0.34068280227426834,0.9119181663033545,-0.324035122984136,-0.43778945769626726,294,Green,0
0.34068280227426834,0.9119181663033545,-0.324035122984136,-0.43778945769626726,294,Green,0
0.07834427225835382,0.8147265967458958,-0.3514246704735396,-0.37235800725460544,294,Green,0
0.07834427225835382,0.8147265967458958,-0.3514246704735396,-0.37235800725460544,294,Green,0
-0.02880808507209016,0.4259603185160605,-0.38490078407169964,-0.16910286332944308,294,Green,0
-0.02880808507209016,0.4259603185160605,-0.38490078407169964,-0.16910286332944308,294,Green,0
0.5365129725678385,-0.5459553770585277,-0.3270784060385142,-0.13986753440870056,294,Green,0
0.5365129725678385,-0.5459553770585277,-0.3270784060385142,-0.13986753440870056,294,Green,0
0.7619024138491169,-1.0319132248458218,-0.45793957737677593,-0.25124021601152924,294,Green,0
0.7619024138491169,-1.0319132248458218,-0.45793957737677593,-0.25124021601152924,294,Green,0
0.7027838718736995,-0.2543806683861512,-0.19926051775463058,-0.10506357140781658,294,Green,0
0.7027838718736995,-0.2543806683861512,-0.19926051775463058,-0.10506357140781658,294,Green,0
0.14115772310723473,-0.1571890988286924,-0.37120601032699785,-0.21782841153068058,294,Green,0
0.14115772310723473,-0.1571890988286924,-0.37120601032699785,-0.21782841153068058,294,Green,0
0.08203918113181732,0.9119181663033545,-0.48228584181180134,-0.5714366756196617,294,Green,0
0.08203918113181732,0.9119181663033545,-0.48228584181180134,-0.5714366756196617,294,Green,0
0.08758154444201259,0.717535027188437,-0.41533361461548146,-0.351475629454075,294,Green,0
0.08758154444201259,0.717535027188437,-0.41533361461548146,-0.351475629454075,294,Green,0
0.3314455300906093,0.5231518880735193,-0.4792425587574232,-0.5700445170996263,294,Green,0
0.3314455300906093,0.5231518880735193,-0.4792425587574232,-0.5700445170996263,294,Green,0
0.18180172071533396,1.1063013054182722,-0.5005455401380704,-0.5700445170996263,294,Green,0
0.18180172071533396,1.1063013054182722,-0.5005455401380704,-0.5700445170996263,294,Green,0
0.49956388383320244,1.1063013054182722,-0.47315599264866687,-0.62294654086097,294,Green,0
0.49956388383320244,1.1063013054182722,-0.47315599264866687,-0.62294654086097,294,Green,0
0.36100480107831795,0.8147265967458958,-0.47315599264866687,-0.5909268949001568,294,Green,0
0.36100480107831795,0.8147265967458958,-0.47315599264866687,-0.5909268949001568,294,Green,0
0.5660722435555469,0.717535027188437,0.2115826945864237,0.15109359627868937,294,Green,0
0.5660722435555469,0.717535027188437,0.2115826945864237,0.15109359627868937,294,Green,0
1.1664949354933798,-1.3234879335181982,-0.21295529149933246,0.22905447340066942,294,Green,0
1.1664949354933798,-1.3234879335181982,-0.21295529149933246,0.22905447340066942,294,Green,0
0.09681881662567168,0.23157717940114286,-0.20534708386338696,0.17476029111929048,294,Green,0
0.056174819017572125,0.6203434576309781,-0.39403063323483417,-0.23035783821099878,294,Green,0
0.056174819017572125,0.6203434576309781,-0.39403063323483417,-0.23035783821099878,294,Green,0
0.10236117993586694,1.0091097358608134,0.7532870782657397,0.9209572578582428,294,Green,0
0.6399704210248186,1.1063013054182722,1.364986972195754,1.3928989961502294,294,Green,0
0.6399704210248186,1.1063013054182722,1.364986972195754,1.3928989961502294,294,Green,0
0.34068280227426834,1.0091097358608134,4.834329654186879,4.557275312190599,294,Green,0
0.34068280227426834,1.0091097358608134,4.834329654186879,4.557275312190599,294,Green,0
1.4713249175541252,-2.1982120595353276,4.062857399902011,3.7915881261711517,294,Green,0
1.4713249175541252,-2.1982120595353276,4.062857399902011,3.7915881261711517,294,Green,0
1.0778171225302535,0.6203434576309781,-0.4351149544689396,-0.6090249556606164,294,Yellow,1
1.0778171225302535,0.6203434576309781,-0.4351149544689396,-0.6090249556606164,294,Green,0
0.7249533251144812,1.203492874975731,-0.11709187528641979,-0.23731863081117568,294,Green,0
0.7249533251144812,1.203492874975731,-0.11709187528641979,-0.23731863081117568,294,Green,0
0.7009364174369681,0.23157717940114286,-0.20839036691776514,-0.34590699537393355,294,Green,0
0.7009364174369681,0.23157717940114286,-0.20839036691776514,-0.34590699537393355,294,Green,0
0.08388663556854908,1.3006844445331898,-0.5188052384643396,-0.46980910365708056,294,Yellow,1
-0.09716389923116667,1.203492874975731,-0.390987350180456,-0.5199268103783534,294,Green,0
-0.012180995141504053,1.1063013054182722,-0.19013066859149605,-0.14404400996880667,294,Green,0
-0.012180995141504053,1.1063013054182722,-0.19013066859149605,-0.14404400996880667,294,Green,0
-0.34841770262669036,1.3978760140906485,-0.007533685328805198,-0.10784788844788724,294,Green,0
-0.34841770262669036,1.3978760140906485,-0.007533685328805198,-0.10784788844788724,294,Green,0
0.2575473526213375,0.9119181663033545,0.03507227743248923,-0.12733810772838233,294,Green,0
0.2575473526213375,0.9119181663033545,0.03507227743248923,-0.12733810772838233,294,Green,0
0.19658135620918832,0.6203434576309781,-0.47315599264866687,-0.43918161621630264,294,Green,0
0.21320844613977477,1.0091097358608134,-0.3209918399297578,-0.2916128130925546,294,Green,0
0.21320844613977477,1.0091097358608134,-0.3209918399297578,-0.2916128130925546,294,Green,0
0.059869727891035965,0.32876874895860164,-0.36207616116386326,-0.4572796769767623,294,Green,0
0.059869727891035965,0.32876874895860164,-0.36207616116386326,-0.4572796769767623,294,Green,0
0.14115772310723473,0.23157717940114286,-0.47315599264866687,-0.529671920018601,294,Green,0
0.14115772310723473,0.23157717940114286,-0.47315599264866687,-0.529671920018601,294,Green,0
-0.11563844359848453,0.32876874895860164,0.054853617285947384,0.33485852092335666,294,Green,0
-0.11563844359848453,0.32876874895860164,0.054853617285947384,0.33485852092335666,294,Green,0
0.16517463078474787,0.6203434576309781,-0.31034034923943415,-0.19694603373015027,294,Green,0
0.16517463078474787,0.6203434576309781,-0.31034034923943415,-0.19694603373015027,294,Green,0
0.5900891512330603,0.13438560984368403,-0.3559895950551069,-0.36539721465442865,294,Green,0
0.6492076932084777,-0.059997529271233585,-0.6237985038403868,-0.6605348209019247,294,Green,0
0.6492076932084777,-0.059997529271233585,-0.6237985038403868,-0.6605348209019247,294,Green,0
0.7748345949062395,1.0091097358608134,-0.5172835969371504,-0.5422013466989192,294,Green,0
0.7748345949062395,1.0091097358608134,-0.5172835969371504,-0.5422013466989192,294,Green,0
0.4829367939026163,0.03719404028622523,-0.4183768976698596,-0.5408091881788838,294,Green,0
0.4829367939026163,0.03719404028622523,-0.4183768976698596,-0.5408091881788838,294,Green,0
-0.5036038753121609,0.717535027188437,-0.6831425234007613,-0.8484762211066981,294,Green,0
-0.5036038753121609,0.717535027188437,-0.6831425234007613,-0.8484762211066981,294,Green,0
-0.5220784196794788,0.5231518880735193,-0.5553246351168777,-0.6883779913026318,294,Green,0
-0.7825694952586616,0.23157717940114286,-0.677055957292005,-0.8164565751458848,294,Green,0
-0.7825694952586616,0.23157717940114286,-0.677055957292005,-0.8164565751458848,294,Green,0
0.11529336099298955,0.5231518880735193,-0.6618395420201141,-0.8275938433061677,294,Green,0
-0.592281688275287,0.4259603185160605,-0.5948873148237941,-0.7343192224637987,294,Yellow,1
-0.8084338573729067,0.5231518880735193,-0.6831425234007613,-0.7760839780648595,294,Green,0
-0.7234509532832442,0.8147265967458958,-0.6374932775850886,-0.7649467099045766,294,Green,0
-0.7234509532832442,0.8147265967458958,-0.6374932775850886,-0.7649467099045766,294,Green,0
-0.5848918705283597,0.8147265967458958,-0.5903223902422268,-0.7565937587843644,294,Green,0
-0.5848918705283597,0.8147265967458958,-0.5903223902422268,-0.7565937587843644,294,Green,0
-0.3705871558674717,-0.35157223794361003,-0.6648828250744921,-0.6883779913026318,294,Green,0
-0.3705871558674717,-0.35157223794361003,-0.6648828250744921,-0.6883779913026318,294,Green,0
0.3092760768498279,1.0091097358608134,-0.6557529759113577,-0.790005563265213,294,Green,0
-0.019570812888431394,0.6203434576309781,-0.1201351583407979,0.09540725547727512,294,Green,0
-0.019570812888431394,0.6203434576309781,-0.1201351583407979,0.09540725547727512,294,Green,0
-0.06945208268018971,1.0091097358608134,-0.31034034923943415,-0.401593336175348,294,Green,0
-0.0232657217618949,0.6203434576309781,-0.3483813874191614,-0.3305932516535447,294,Green,0
-0.0232657217618949,0.6203434576309781,-0.3483813874191614,-0.3305932516535447,294,Green,0
-0.8306033106136881,1.0091097358608134,-0.5766276164975249,-0.3305932516535447,294,Green,0
-0.2486551630431734,0.4259603185160605,-0.6009738809325504,-0.5895347363801214,294,Green,0
-0.2486551630431734,0.4259603185160605,-0.6009738809325504,-0.5895347363801214,294,Green,0
-0.21170607430853766,1.203492874975731,-0.4168552561426705,-0.4990444325778231,294,Green,0
-0.21170607430853766,1.203492874975731,-0.4168552561426705,-0.4990444325778231,294,Green,0
-0.32255334051244516,0.717535027188437,-0.48989404944774684,-0.45171104289662084,294,Yellow,1
-0.9155862147033508,0.4259603185160605,-0.22056349913527787,-0.33616188573368616,294,Green,0
-1.0744672962622848,0.8147265967458958,-0.31034034923943415,-0.36818153169449935,294,Green,0
-0.21540098318200118,0.8147265967458958,0.027464069796543804,-0.1426518514487712,294,Green,0
-0.21540098318200118,0.8147265967458958,0.027464069796543804,-0.1426518514487712,294,Green,0
-0.3595024292470812,0.8147265967458958,1.9553838847451208,1.7186640898385033,294,Green,0
0.5235807915107159,1.203492874975731,-0.6831425234007613,-0.8429075870265567,294,Green,0
-0.08607917261077583,0.8147265967458958,-0.36664108574543053,-0.32920109313350937,294,Green,0
-1.268450012119123,-0.44876380750106887,-0.6831425234007613,-0.8039271484655666,294,Green,0
-1.268450012119123,-0.44876380750106887,-0.6831425234007613,-0.8039271484655666,294,Green,0
-0.6329256858833863,-0.2543806683861512,-0.5994522394053613,-0.5923190534201921,294,Green,0
-0.8084338573729067,0.32876874895860164,-0.5903223902422268,-0.6076327971405809,294,Green,0
-0.8084338573729067,0.32876874895860164,-0.5903223902422268,-0.6076327971405809,294,Green,0
-0.43524806115308473,-0.2543806683861512,-0.5401082198449868,-0.677240723142349,294,Green,0
-0.43524806115308473,-0.2543806683861512,-0.5401082198449868,-0.677240723142349,294,Green,0
-0.5534851451039192,0.4259603185160605,-0.6314067114763322,-0.7593780758244352,294,Yellow,1
-0.5534851451039192,0.4259603185160605,-0.6314067114763322,-0.7593780758244352,294,Green,0
0.48847915721281154,0.03719404028622523,-0.5568462766440668,-0.6257308579010408,294,Green,0
0.16517463078474787,0.23157717940114286,-0.5401082198449868,-0.6215543823409346,294,Green,0
-0.05836735605979887,0.9119181663033545,-0.4594612189039651,-0.5839661022999799,294,Green,0
-0.05836735605979887,0.9119181663033545,-0.4594612189039651,-0.5839661022999799,294,Green,0
-0.8324507650504198,0.717535027188437,-0.6816208818735722,-0.8429075870265567,294,Green,0
-0.8324507650504198,0.717535027188437,-0.6816208818735722,-0.8429075870265567,294,Green,0
-0.813976220683102,0.13438560984368403,-0.6831425234007613,-0.8067114655056373,294,Green,0
-0.813976220683102,0.13438560984368403,-0.6831425234007613,-0.8067114655056373,294,Yellow,1
-1.6989068958776308,1.0091097358608134,-0.6527096928569794,-0.7524172832242584,294,Green,0
-1.1317383838009705,0.717535027188437,-0.07296427099793616,-0.24010294785124633,294,Green,0
-1.1317383838009705,0.717535027188437,-0.07296427099793616,-0.24010294785124633,294,Green,0
-1.3515854617720537,-0.1571890988286924,-0.6831425234007613,-0.7997506729054605,294,Green,0
-1.3515854617720537,-0.1571890988286924,-0.6831425234007613,-0.7997506729054605,294,Green,0
-1.1317383838009705,1.1063013054182722,-0.6587962589657358,-0.7371035395038694,294,Green,0
-0.4167735167857665,-0.35157223794361003,-0.6831425234007613,-0.7468486491441169,294,Green,0
-0.42785824340615736,-0.8375300857309042,-0.5370649367906086,0.13021121847815909,294,Green,0
-0.7825694952586616,0.6203434576309781,-0.47315599264866687,0.08983862139713368,294,Yellow,1
-0.7825694952586616,0.6203434576309781,-0.47315599264866687,0.08983862139713368,294,Green,0
-0.655095139124168,1.1063013054182722,-0.3377298967288378,-0.3988090191352772,294,Yellow,1
-1.0873994773194073,1.203492874975731,-0.5172835969371504,-0.6076327971405809,294,Green,0
-1.0873994773194073,1.203492874975731,-0.5172835969371504,-0.6076327971405809,294,Green,0
-0.2948415239614682,0.5231518880735193,-0.13230829055831064,-0.03963212096615477,294,Green,0
-0.2948415239614682,0.5231518880735193,-0.13230829055831064,-0.03963212096615477,294,Green,0
-0.20801116543507417,0.13438560984368403,-0.4701127095942887,-0.4572796769767623,294,Green,0
-0.20801116543507417,0.13438560984368403,-0.4701127095942887,-0.4572796769767623,294,Green,0
-1.0245860264705264,1.203492874975731,0.8445855698970851,0.7065648457727977,294,Green,0
-1.0245860264705264,1.203492874975731,0.8445855698970851,0.7065648457727977,294,Green,0
-0.7252984077199759,0.5231518880735193,-0.374249293381376,-0.49208363997764626,294,Green,0
-0.7252984077199759,0.5231518880735193,-0.374249293381376,-0.49208363997764626,294,Green,0
-0.6846544101118767,1.203492874975731,-0.14295978124863432,-0.28325986197234254,294,Yellow,1
-0.7105187722261215,-0.2543806683861512,-0.4001171993435905,0.6035451152901811,294,Green,0
-0.22094334649219677,0.4259603185160605,-0.5705410503887686,-0.5129660177781766,294,Yellow,1
-0.5294682374264061,0.4259603185160605,-0.5477164274809323,-0.5547307733792375,294,Green,0
-1.7801948910938297,0.23157717940114286,-0.46706942653991046,-0.4712012621771159,294,Green,0
-1.7801948910938297,0.23157717940114286,-0.46706942653991046,-0.4712012621771159,294,Green,0
-0.9636200300583773,1.1063013054182722,-0.6466231267482231,-0.7607702343444706,294,Green,0
-1.1317383838009705,-0.35157223794361003,-0.6603179004929248,-0.70090741798295,294,Green,0
-1.1317383838009705,-0.35157223794361003,-0.6603179004929248,-0.70090741798295,294,Green,0
-1.8762625218038826,0.03719404028622523,-0.6709693911832485,-0.7440643321040462,294,Green,0
-1.8762625218038826,0.03719404028622523,-0.6709693911832485,-0.7440643321040462,294,Green,0
-1.10033165837653,0.32876874895860164,-0.49750225708369233,-0.6563583453418186,294,Green,0
-1.10033165837653,0.32876874895860164,-0.49750225708369233,-0.6563583453418186,294,Green,0
-1.75987289228978,-1.5178710726331157,-0.6831425234007613,-0.840123269986486,294,Green,0
-2.2993295878154636,-2.00382892042041,-0.677055957292005,-0.790005563265213,294,Green,0
-2.2993295878154636,-2.00382892042041,-0.677055957292005,-0.790005563265213,294,Green,0
-1.713686531371485,-0.9347216552883629,-0.6222768623131976,-0.7440643321040462,294,Yellow,1
-0.5424004184835287,0.4259603185160605,-0.5583679181712559,-0.6354759675412883,294,Yellow,1
-1.081857114009212,0.03719404028622523,-0.6435798436938449,-0.7774761365848948,294,Green,0
-1.081857114009212,0.03719404028622523,-0.6435798436938449,-0.7774761365848948,294,Green,0
-2.0314486944893533,-1.0319132248458218,-0.6831425234007613,-0.8303781603462385,294,Green,0
-2.0314486944893533,-1.0319132248458218,-0.6831425234007613,-0.8303781603462385,294,Green,0
-1.1557552914784837,0.717535027188437,-0.628363428421954,-0.7621623928645058,294,Green,0
-1.4402632747351798,-0.8375300857309042,-0.6572746174385468,-0.7384956980239048,294,Yellow,1
-1.5936019929839187,0.32876874895860164,-0.6831425234007613,-0.840123269986486,294,Green,0
-1.5936019929839187,0.32876874895860164,-0.6831425234007613,-0.840123269986486,294,Yellow,1
-1.758025437853048,0.5231518880735193,-0.6831425234007613,-0.8345546359063446,294,Green,0
-1.652720534959336,0.13438560984368403,-0.5903223902422268,-0.6953387839028087,294,Green,0
-1.3460430984618583,0.4259603185160605,-0.6831425234007613,-0.8262016847861323,294,Green,0
-1.3460430984618583,0.4259603185160605,-0.6831425234007613,-0.8262016847861323,294,Green,0
-1.153907837041752,0.5231518880735193,-0.6831425234007613,-0.8206330507059909,294,Yellow,1
-1.153907837041752,0.5231518880735193,-0.6831425234007613,-0.8206330507059909,294,Green,0
-1.2850771020497092,0.5231518880735193,-0.6268417868947649,-0.7231819543035157,294,Green,0
-1.2850771020497092,0.5231518880735193,-0.6268417868947649,-0.7231819543035157,294,Green,0
-0.3133160683287864,1.203492874975731,-0.15969783804771429,-0.32920109313350937,294,Green,0
-0.3946040635449852,-0.059997529271233585,-0.6009738809325504,-0.6159857482607932,294,Green,0
-1.909516701665055,0.8147265967458958,0.5996012840196416,0.3766232765244175,294,Yellow,1
-1.909516701665055,0.8147265967458958,0.5996012840196416,0.3766232765244175,294,Green,0
-1.5585003586860147,0.9119181663033545,1.6084496165460087,1.4346637517512901,294,Green,0
-1.5585003586860147,0.9119181663033545,1.6084496165460087,1.4346637517512901,294,Green,0
-1.7654152555999751,-0.35157223794361003,0.29070805400025646,0.6592314560915952,294,Green,0
-1.7654152555999751,-0.35157223794361003,0.29070805400025646,0.6592314560915952,294,Green,0
-1.0578402063316987,1.1063013054182722,-0.374249293381376,-0.5213189688983888,294,Green,0
-1.3977718226903484,1.1063013054182722,-0.3301216890928924,-0.3500834709340397,294,Green,0
1.1166136657016215,-0.5459553770585277,-0.5020671816652595,-0.6688877720221368,473,Green,0
1.1166136657016215,-0.5459553770585277,-0.5020671816652595,-0.6688877720221368,473,Green,0
0.7323431428614082,-1.2262963639607394,-0.390987350180456,-0.5171424933382828,473,Green,0
0.7323431428614082,-1.2262963639607394,-0.390987350180456,-0.5171424933382828,473,Green,0
0.3037337135396323,-0.7403385161734453,0.4124393761753836,0.2652505949215887,473,Green,0
0.4958689749597389,-0.8375300857309042,-0.25251797120624875,-0.24010294785124633,473,Green,0
0.6750720553227229,-0.7403385161734453,-0.4472880866864523,-0.5282797614985656,473,Green,0
0.7655973227225804,-0.8375300857309042,-0.3681627272726196,-0.3584364220542519,473,Green,0
0.7655973227225804,-0.8375300857309042,-0.3681627272726196,-0.3584364220542519,473,Green,0
0.6159535133473055,-0.6431469466159865,0.11419763684632199,0.2736035460418009,473,Green,0
1.500884188541834,0.13438560984368403,-0.09578889390577244,-0.25124021601152924,473,Green,0
0.9318682220284422,-0.6431469466159865,-0.29664557549473236,-0.4656326280969745,473,Green,0
0.6732246008859908,-0.9347216552883629,-0.2190418576080888,-0.3556521050141811,473,Green,0
0.5568349713718881,-0.5459553770585277,-0.5644544842800122,-0.7036917350230207,473,Green,0
0.5568349713718881,-0.5459553770585277,-0.5644544842800122,-0.7036917350230207,473,Green,0
1.3087489271217276,-0.6431469466159865,-0.3301216890928924,-0.48651500589750485,473,Green,0
1.3087489271217276,-0.6431469466159865,-0.3301216890928924,-0.48651500589750485,473,Green,0
1.3401556525461678,-0.7403385161734453,-0.18404410248273975,-0.3305932516535447,473,Green,0
1.3401556525461678,-0.7403385161734453,-0.18404410248273975,-0.3305932516535447,473,Green,0
1.5600027305172515,-0.6431469466159865,-0.48989404944774684,-0.6493975527416418,473,Green,0
0.9651224018896144,-0.9347216552883629,-0.1338299320854997,-0.2902206545725193,473,Green,0
0.9651224018896144,-0.9347216552883629,-0.1338299320854997,-0.2902206545725193,473,Green,0
1.811256533912775,-0.6431469466159865,-0.4716343511214778,-0.6257308579010408,473,Green,0
1.312443835995191,-0.5459553770585277,-0.47315599264866687,-0.5825739437799445,473,Green,0
1.312443835995191,-0.5459553770585277,-0.47315599264866687,-0.5825739437799445,473,Green,0
1.9405783444840004,-0.35157223794361003,0.41852594228414003,0.6870746264923026,473,Green,0
1.9405783444840004,-0.35157223794361003,0.41852594228414003,0.6870746264923026,473,Green,0
2.3322386850711405,-1.0319132248458218,-0.29664557549473236,-0.3932403850551358,473,Green,0
2.3322386850711405,-1.0319132248458218,-0.29664557549473236,-0.3932403850551358,473,Green,0
2.3008319596467004,-1.5178710726331157,0.03963720201405654,-0.06608313284682651,473,Green,0
2.941898649192632,-2.4897867682077037,-0.08970232779701608,0.2736035460418009,473,Green,0
2.941898649192632,-2.4897867682077037,-0.08970232779701608,0.2736035460418009,473,Green,0
3.1949999070248882,-3.7532771724546685,1.4578071053542885,1.2522909856266584,473,Green,0
2.834746291862188,-2.8785530464375393,0.5615602458399144,0.6299961271708528,473,Green,0
2.803339566437748,-3.947660311569586,0.9617519674906452,0.8235061614557677,473,Green,0
2.803339566437748,-3.947660311569586,0.9617519674906452,0.8235061614557677,473,Green,0
1.0981391213343032,-1.0319132248458218,-0.5766276164975249,-0.6758485646223136,473,Green,0
1.279189656134019,-0.7403385161734453,0.5585169627855363,0.3891527032047357,473,Green,0
1.2219185685953338,0.4259603185160605,0.18875807167858744,0.03276012207568395,473,Green,0
1.2219185685953338,0.4259603185160605,0.18875807167858744,0.03276012207568395,473,Green,0
2.143798332524498,-2.7813614768800803,-0.11404859223204153,-0.20529898485036238,473,Green,0
1.1831220254239658,-0.6431469466159865,-0.17187097026522702,-0.33198541017358,473,Green,0
1.1831220254239658,-0.6431469466159865,-0.17187097026522702,-0.33198541017358,473,Green,0
0.4736995217189572,-1.3234879335181982,-0.4609828604311541,-0.5672602000595557,473,Green,0
0.8949191332938058,-1.906637350862951,-0.5401082198449868,-0.5881425778600861,473,Green,0
0.8949191332938058,-1.906637350862951,-0.5401082198449868,-0.5881425778600861,473,Green,0
0.3961064353762219,0.13438560984368403,-0.27382095258689604,-0.25680885009167065,473,Green,0
1.0334782160486902,-1.906637350862951,-0.6374932775850886,-0.7969663558653898,473,Green,0
0.40719116199661276,-3.947660311569586,-0.08057247863388159,-0.17467149740958451,473,Green,0
0.32775062121714577,-0.059997529271233585,-0.17795753637398337,0.06617192655653259,473,Green,0
0.32775062121714577,-0.059997529271233585,-0.17795753637398337,0.06617192655653259,473,Green,0
-0.014028449578235807,-0.6431469466159865,1.1306541770086342,0.972467123099551,473,Green,0
-0.014028449578235807,-0.6431469466159865,1.1306541770086342,0.972467123099551,473,Green,0
0.6381229665880872,-0.44876380750106887,1.9112562804566373,1.7005660290780438,473,Green,0
0.6381229665880872,-0.44876380750106887,1.9112562804566373,1.7005660290780438,473,Green,0
0.7027838718736995,-2.295403629092786,-0.2981672170219215,-0.48651500589750485,473,Green,0
0.9152411320978561,-1.0319132248458218,-0.4838074833389905,-0.6062406386205457,473,Green,0
0.9152411320978561,-1.0319132248458218,-0.4838074833389905,-0.6062406386205457,473,Green,0
0.7175635073675543,-0.6431469466159865,-0.5142403138827722,-0.657750503861854,473,Yellow,1
1.1997491153545519,-1.420679503075657,-0.5735843334431469,-0.6869858327825965,473,Green,0
0.2944964413559735,-0.44876380750106887,-0.22360678218965604,-0.405769811735454,473,Green,0
0.2944964413559735,-0.44876380750106887,-0.22360678218965604,-0.405769811735454,473,Green,0
1.1480203911260616,-0.35157223794361003,-0.3088187077122451,-0.36818153169449935,473,Green,0
0.8468853179387795,-1.3234879335181982,-0.01057696838318345,0.02858364651557784,473,Green,0
0.7304956884246768,-0.9347216552883629,-0.21599857455371063,-0.15518127812908955,473,Green,0
0.7304956884246768,-0.9347216552883629,-0.21599857455371063,-0.15518127812908955,473,Green,0
1.0981391213343032,-0.7403385161734453,-0.10948366765047436,-0.042416438006225424,473,Green,0
1.8999343468759011,-2.392595198650245,-0.5157619554099614,-0.6493975527416418,473,Green,0
1.1646474810566476,-1.1291047944032806,-0.34990302894635056,-0.34869131241400436,473,Green,0
0.6787669641961864,-1.3234879335181982,-0.3696843687998087,-0.48651500589750485,473,Green,0
0.6787669641961864,-1.3234879335181982,-0.3696843687998087,-0.48651500589750485,473,Green,0
0.17995426627860223,-0.5459553770585277,-0.4472880866864523,-0.49069148145761093,473,Green,0
0.6085636956003782,0.03719404028622523,-0.33925153825602694,-0.34729915389396904,473,Green,0
0.6085636956003782,0.03719404028622523,-0.33925153825602694,-0.34729915389396904,473,Green,0
1.5396807317132017,-1.3234879335181982,-0.541629861372176,-0.6855936742625611,473,Green,0
0.5291231548209111,0.6203434576309781,-0.2479530466246815,-0.18859308260993807,473,Green,0
1.635748362423255,-1.420679503075657,-0.2783858771684633,-0.4684169451370452,473,Green,0
0.6011738778534511,-0.5459553770585277,-0.14295978124863432,0.7942708325350251,473,Green,0
0.6011738778534511,-0.5459553770585277,-0.14295978124863432,0.7942708325350251,473,Green,0
0.26124226149480134,0.32876874895860164,-0.2936022924403542,0.14970143775865405,473,Green,0
2.5797975795932007,-2.7813614768800803,2.740550912774691,2.5316846655391525,473,Green,0
1.0316307616119589,-0.9347216552883629,-0.24034483898873601,-0.22478920413085748,473,Green,0
1.0168511261181041,0.23157717940114286,0.570690095003049,0.4629371047666099,473,Green,0
0.8136311380776073,-1.8094457813054923,-0.5035888231924487,-0.6145935897407578,473,Green,0
0.78591932152663,0.32876874895860164,0.537213981404889,0.3473879476036751,473,Green,0
1.2330032952157242,-1.6150626421905747,-0.34990302894635056,-0.4725934206971512,473,Green,0
1.3641725602236816,-2.1982120595353276,-0.37577093490856506,-0.42108355545584303,473,Green,0
0.9725122196365414,-0.2543806683861512,-0.24490976357030333,-0.2790833864122364,473,Green,0
0.3092760768498279,-0.35157223794361003,-0.05774785572604518,0.11211315771769943,473,Green,0
1.358630196913486,-0.9347216552883629,0.0411588435412456,0.17754460815936127,473,Green,0
1.3364607436727043,-1.0319132248458218,-0.5188052384643396,-0.5602994074593788,473,Green,0
0.9946816728773231,-0.1571890988286924,-0.5081537477740159,-0.6354759675412883,473,Green,0
1.2311558407789922,-0.5459553770585277,0.7335057384122817,0.611898066410393,473,Green,0
0.20951353726631092,-2.00382892042041,-0.6009738809325504,-0.7078682105831269,473,Green,0
-0.7493153153974893,-0.7403385161734453,-0.5583679181712559,-0.6187700653008639,473,Green,0
-0.8361456739238837,-0.2543806683861512,-0.5127186723555832,-0.4475345673365148,473,Green,0
-0.12487571578214329,-0.44876380750106887,-0.6192335792588195,-0.7621623928645058,473,Green,0
0.6178009677840373,-1.2262963639607394,-0.20078215928181972,-0.24010294785124633,473,Green,0
-0.02880808507209016,-0.6431469466159865,-0.27382095258689604,-0.21504409449060993,473,Green,0
-0.30223134170839555,-1.0319132248458218,-0.4305500298873723,-0.5157503348182474,473,Green,0
0.03585282021352251,-1.0319132248458218,-0.6116253716228741,-0.7190054787434098,473,Green,0
0.037700274650254266,-0.5459553770585277,0.03811556048686748,-0.021534060205694993,473,Green,0
-0.147045169022925,-0.8375300857309042,-0.5020671816652595,-0.49347579849768164,473,Green,0
-0.036197902819017504,-0.7403385161734453,0.5174326415514309,0.5005253848075645,473,Green,0
0.7323431428614082,-1.3234879335181982,-0.4655477850127214,-0.5394170296588485,473,Green,0
-1.3645176428291763,-0.2543806683861512,-0.6466231267482231,-0.7176133202233744,473,Green,0
-0.5276207829896743,-0.44876380750106887,-0.4853291248661796,-0.6257308579010408,473,Green,0
0.3757844365721723,-0.44876380750106887,-0.3864224255988887,-0.4071619702554894,473,Green,0
0.12453063317664864,-1.8094457813054923,-0.6527096928569794,-0.7802604536249654,473,Green,0
-0.1378078968392659,0.4259603185160605,-0.5994522394053613,-0.766338868424612,473,Green,0
-0.5645698717243101,-0.2543806683861512,-0.16121947957490335,-0.21922057005071605,473,Green,0
-1.1225011116173114,0.23157717940114286,-0.6161902962044412,-0.6995152594629147,473,Green,0
-0.21540098318200118,-1.0319132248458218,0.054853617285947384,1.06574174394192,473,Green,0
-0.627383322573191,-0.9347216552883629,0.7304624553579033,0.6522706634914186,473,Green,0
-0.9710098478053045,0.8147265967458958,-0.6116253716228741,-0.7524172832242584,473,Green,0
-1.517856361077915,0.13438560984368403,-0.6527096928569794,-0.7412800150639756,473,Green,0
-1.3571278250822492,0.6203434576309781,-0.6816208818735722,-0.8303781603462385,473,Green,0
-0.9045014880829598,0.9119181663033545,1.7651786938464846,1.5376834822339065,473,Green,0
-1.0873994773194073,1.3006844445331898,-0.17947917790117243,-0.2874363375324485,473,Green,0
-1.3885345505066895,1.203492874975731,-0.08818068626982702,-0.22339704561082202,473,Green,0
0.9632749474528823,0.6203434576309781,0.12332748600945646,-0.04102427948619009,514,Green,0
0.6639873287023317,-1.0319132248458218,-0.4625045019583432,-0.4531032014166563,514,Green,0
0.6639873287023317,-1.0319132248458218,-0.4625045019583432,-0.4531032014166563,514,Green,0
1.547070549460129,-1.7122542117480335,-0.188609027064307,-0.25680885009167065,514,Green,0
0.9411054942121007,-0.9347216552883629,0.5798199441661837,0.40446644692512457,514,Green,0
0.9411054942121007,-0.9347216552883629,0.5798199441661837,0.40446644692512457,514,Green,0
0.9337156764651736,-0.5459553770585277,-0.21295529149933246,-0.38767175097499434,514,Green,0
0.9337156764651736,-0.5459553770585277,-0.21295529149933246,-0.38767175097499434,514,Green,0
0.93002076759171,-1.420679503075657,-0.09731053543296163,-0.1858087655698674,514,Green,0
0.93002076759171,-1.420679503075657,-0.09731053543296163,-0.1858087655698674,514,Green,0
0.771139686032776,-1.2262963639607394,-0.4853291248661796,-0.6410446016214296,514,Green,0
0.771139686032776,-1.2262963639607394,-0.4853291248661796,-0.6410446016214296,514,Green,0
0.3203608034702184,-0.5459553770585277,0.24353716665739458,0.5478587744887666,514,Yellow,1
0.619648422220769,-0.6431469466159865,-0.10644038459609612,-0.2470637404514231,514,Green,0
0.5161909737637885,-0.6431469466159865,-0.4351149544689396,-0.6006720045404044,514,Green,0
0.09866627106240343,-0.059997529271233585,0.8902348157127579,0.705172687252762,514,Yellow,1
0.09866627106240343,-0.059997529271233585,0.8902348157127579,0.705172687252762,514,Green,0
1.4343758288194894,-1.2262963639607394,-0.31947019840256874,-0.4725934206971512,514,Green,0
2.9252715592620464,-4.044851881127045,0.5067811508611072,0.40585860544516017,514,Green,0
2.0458832473777124,-1.8094457813054923,1.9447323940547971,1.997095793845575,514,Green,0
1.2514778395830417,-0.35157223794361003,-0.042531440454154336,-0.2136519359705746,514,Yellow,1
1.3771047412808042,-0.6431469466159865,0.19636627931453285,0.03554443911575461,514,Yellow,1
1.3771047412808042,-0.6431469466159865,0.19636627931453285,0.03554443911575461,514,Yellow,1
1.2662574750768965,-1.3234879335181982,-0.4518530112680196,-0.5422013466989192,514,Yellow,1
1.1184611201383527,-1.0319132248458218,-0.4914156909749359,-0.6605348209019247,514,Green,0
1.0297833071752267,-0.44876380750106887,-0.5188052384643396,-0.677240723142349,514,Yellow,1
1.192359297607625,-0.1571890988286924,0.03811556048686748,0.05781897543632036,514,Green,0
1.1110713023914258,0.32876874895860164,-0.060791138780423436,-0.045200755046296205,514,Yellow,1
0.8893767699836108,0.13438560984368403,0.018334220633409323,-0.007612475005341455,514,Yellow,1
1.1147662112648893,-0.059997529271233585,-0.307297066185056,-0.4322208236161259,514,Green,0
1.707799085455795,-2.1982120595353276,-0.6024955224597395,-0.7621623928645058,514,Green,0
1.2200711141586016,-3.461702463782292,-0.4716343511214778,-0.273514752332095,514,Yellow,1
1.37340983240734,-1.3234879335181982,0.27853492178274375,0.7970551495750957,514,Green,0
1.1572576633097207,-0.8375300857309042,-0.16121947957490335,-0.08696551064735694,514,Green,0
2.106849243789862,-1.6150626421905747,3.1255262191535316,3.145626572874746,514,Green,0
1.07412221365679,-1.1291047944032806,-0.2586045373150051,-0.3111030323730496,514,Green,0
1.1129187568281573,0.13438560984368403,0.3607035642509546,0.1552700718387955,514,Green,0
1.1129187568281573,0.13438560984368403,0.3607035642509546,0.1552700718387955,514,Green,0
1.9719850699084411,-2.295403629092786,0.6969863417597435,0.5798784204495799,514,Green,0
0.9226309498447831,-0.44876380750106887,1.0789183650842051,0.8569179659366162,514,Green,0
-0.8897218525891055,1.4950675836481075,0.5235192076601871,0.5367215063284838,514,Yellow,1
1.1849694798606973,-0.6431469466159865,-0.544673144426554,-0.5797896267398739,514,Green,0
0.8154785925143387,-0.6431469466159865,-0.2981672170219215,-0.052161547646472975,514,Yellow,1
0.2852591691723144,-2.00382892042041,-0.6557529759113577,-0.7788682951049302,514,Green,0
0.36100480107831795,-1.3234879335181982,-0.5218485215187177,-0.6187700653008639,514,Green,0
0.017378275846204654,-0.8375300857309042,-0.6709693911832485,-0.8289860018262031,514,Green,0
-0.1802993488840972,-0.6431469466159865,-0.5994522394053613,-0.642436760141465,514,Green,0
-0.1802993488840972,-0.6431469466159865,-0.5994522394053613,-0.642436760141465,514,Yellow,1
0.6418178754615507,0.23157717940114286,0.5113460754426744,0.5729176278494031,514,Yellow,1
0.6418178754615507,0.23157717940114286,0.5113460754426744,0.5729176278494031,514,Green,0
0.4367504329843215,0.23157717940114286,1.1717384982427395,0.929310208978455,514,Green,0
0.0025986403523503006,0.13438560984368403,-0.01970681754631793,-0.09671062028760437,514,Yellow,1
0.0025986403523503006,0.13438560984368403,-0.01970681754631793,-0.09671062028760437,514,Yellow,1
-0.08238426373731232,0.717535027188437,0.9069728725118378,0.7928786740149898,514,Yellow,1
-0.3521126115001539,-0.2543806683861512,-0.5385865783177977,-0.5227111274184242,514,Yellow,1
-0.8601625816013968,0.4259603185160605,-0.4625045019583432,-0.5547307733792375,514,Yellow,1
-0.8601625816013968,0.4259603185160605,-0.4625045019583432,-0.5547307733792375,514,Yellow,1
0.32405571234368225,-0.2543806683861512,-0.3955522747620232,-0.3974168606152419,514,Green,0
0.14485263198069825,0.23157717940114286,-0.2114336499721433,-0.37096584873457006,514,Green,0
-0.24496025416970987,0.32876874895860164,-0.5568462766440668,-0.7120446861432329,514,Yellow,1
-0.6440104125037771,-0.35157223794361003,-0.42294182225142685,-0.5589072489393435,514,Yellow,1
0.09681881662567168,0.13438560984368403,-0.43207167141456143,-0.4113384458155955,514,Green,0
-0.1932315299412198,0.4259603185160605,-0.26164782036938333,-0.33337756869361534,514,Green,0
-0.1932315299412198,0.4259603185160605,-0.26164782036938333,-0.33337756869361534,514,Green,0
0.05802227345430388,0.23157717940114286,-0.2814291602228415,-0.38488743393492364,514,Green,0
-1.0670774785153576,-0.1571890988286924,-0.5340216537362305,-0.386279592454959,514,Green,0
-0.9359082135074004,-0.1571890988286924,0.5448221890408345,0.44205472696607945,514,Green,0
-1.7210763491184122,-2.7813614768800803,-0.680099240346383,-0.8220252092260264,514,Green,0
-1.7081441680612897,-1.2262963639607394,0.004639446888707399,-0.11063220548795803,514,Green,0
-0.34841770262669036,-0.059997529271233585,-0.5507597105353104,-0.6619269794219601,514,Green,0
-0.7252984077199759,-0.9347216552883629,-0.6572746174385468,-0.7927898803052837,514,Yellow,1
-1.2518229221885369,0.5231518880735193,0.366790130359711,0.19703482743985637,514,Green,0
-1.2518229221885369,0.5231518880735193,0.366790130359711,0.19703482743985637,514,Green,0
-1.10033165837653,-1.420679503075657,-0.6481447682754122,-0.7217897957834805,514,Yellow,1
-1.0670774785153576,0.32876874895860164,-0.6496664098026014,-0.8108879410657435,514,Yellow,1
-0.8749422170952512,-1.420679503075657,-0.6831425234007613,-0.840123269986486,514,Green,0
-1.2869245564864409,-0.1571890988286924,-0.34990302894635056,-0.33476972721365067,514,Yellow,1
-0.1932315299412198,0.03719404028622523,-0.13230829055831064,-0.028494852805871884,514,Green,0
-0.4167735167857665,-0.35157223794361003,-0.307297066185056,-0.4196913969358076,514,Yellow,1
-0.8195185839932976,-0.5459553770585277,0.33027073370717275,0.1594465473989016,514,Yellow,1
-1.484602181216743,-0.059997529271233585,-0.2646911034237615,-0.401593336175348,514,Green,0
-0.5811969616548962,0.5231518880735193,-0.6055388055141178,-0.7357113809838339,514,Green,0
-0.3946040635449852,-0.1571890988286924,-0.509675389301205,-0.6688877720221368,514,Green,0
2.73313629784194,-4.239235020241963,-0.5477164274809323,-0.7092603691031623,625,Green,0
1.8001718072923845,-3.8504687420121275,-0.2509963296790597,-0.34590699537393355,625,Green,0
3.117406820682153,-5.113959146259092,-0.09426725237858338,-0.23314215525106957,625,Green,0
2.6647804836828635,-4.433618159356881,0.6863348510694198,0.6620157731316662,625,Green,0
2.1678152402020108,-3.3645108942248334,-0.051661289617288816,-0.19276955817004418,625,Green,0
1.3327658347992408,-2.00382892042041,-0.42142018072423776,-0.5937112119402275,625,Green,0
3.7547786013546216,-5.211150715816551,1.075875082029827,1.2272321322660213,625,Green,0
1.2921218371911416,0.6203434576309781,0.5859065102749399,0.6564471390515245,625,Green,0
0.8265633191347299,-0.1571890988286924,-0.138394856667067,-0.14125969292873589,702,Green,0
0.8265633191347299,-0.1571890988286924,-0.138394856667067,-0.14125969292873589,702,Green,0
0.3222082579069505,0.8147265967458958,0.7274191723035253,0.681505992412161,702,Green,0
0.3222082579069505,0.8147265967458958,0.7274191723035253,0.681505992412161,702,Green,0
0.30558116797636437,0.717535027188437,-0.29664557549473236,-0.16353422924930164,702,Green,0
0.30558116797636437,0.717535027188437,-0.29664557549473236,-0.16353422924930164,702,Green,0
0.4792418850291528,0.03719404028622523,-0.0851374032154489,0.33485852092335666,702,Green,0
0.4792418850291528,0.03719404028622523,-0.0851374032154489,0.33485852092335666,702,Green,0
-0.050977538312871856,0.717535027188437,-0.4488097282136414,-0.5714366756196617,702,Green,0
-0.050977538312871856,0.717535027188437,-0.4488097282136414,-0.5714366756196617,702,Green,0
0.009988458099277314,0.13438560984368403,-0.33620825520164876,0.09819157251734577,702,Green,0
0.009988458099277314,0.13438560984368403,-0.33620825520164876,0.09819157251734577,702,Green,0
0.27232698811519185,0.8147265967458958,0.20245284542328923,0.4893881166472816,702,Green,0
0.27232698811519185,0.8147265967458958,0.20245284542328923,0.4893881166472816,702,Green,0
0.7268007795512127,1.0091097358608134,0.5919930763836964,0.47407437292689253,702,Green,0
0.7268007795512127,1.0091097358608134,0.5919930763836964,0.47407437292689253,702,Green,0
0.37947934544563583,1.0091097358608134,0.5828632272205617,0.9557612208591267,702,Green,0
0.37947934544563583,1.0091097358608134,0.5828632272205617,0.9557612208591267,702,Green,0
0.2963438957927053,0.6203434576309781,-0.17643589484679426,-0.2985736056927314,702,Green,0
0.2963438957927053,0.6203434576309781,-0.17643589484679426,-0.2985736056927314,702,Green,0
0.41827588861700365,0.03719404028622523,-0.48228584181180134,-0.5923190534201921,702,Green,0
0.41827588861700365,0.03719404028622523,-0.48228584181180134,-0.5923190534201921,702,Green,0
0.575309515739206,-0.6431469466159865,0.20853941153204558,0.1914661933597148,702,Green,0
0.575309515739206,-0.6431469466159865,0.20853941153204558,0.1914661933597148,702,Green,0
0.5974789689799873,-0.059997529271233585,0.5052595093339182,0.6842903094522319,702,Green,0
0.5974789689799873,-0.059997529271233585,0.5052595093339182,0.6842903094522319,702,Green,0
0.4108860708700763,1.203492874975731,0.47482667879013624,0.4448390440061501,702,Green,0
0.4108860708700763,1.203492874975731,0.47482667879013624,0.4448390440061501,702,Green,0
0.2409202626907514,0.717535027188437,1.110872837155176,0.8861532948573588,702,Green,0
0.2409202626907514,0.717535027188437,1.110872837155176,0.8861532948573588,702,Green,0
0.45337752291490757,0.9119181663033545,-0.028836666709452546,-0.1899852411299735,702,Green,0
0.45337752291490757,0.9119181663033545,-0.028836666709452546,-0.1899852411299735,702,Green,0
0.5642247891188151,0.4259603185160605,0.20853941153204558,0.3515644231637811,702,Green,0
0.5642247891188151,0.4259603185160605,0.20853941153204558,0.3515644231637811,702,Green,0
0.22244571832343352,0.9119181663033545,-0.4001171993435905,-0.5018287496178938,702,Green,0
0.22244571832343352,0.9119181663033545,-0.4001171993435905,-0.5018287496178938,702,Green,0
1.1073763935179624,-0.2543806683861512,-0.628363428421954,-0.7677310269446472,702,Green,0
1.1073763935179624,-0.2543806683861512,-0.628363428421954,-0.7677310269446472,702,Green,0
0.9115462232243919,-0.9347216552883629,-0.0851374032154489,-0.12455379068831156,702,Green,0
0.46446224953529847,-0.7403385161734453,-0.103397101541718,0.7232707480132219,702,Green,0
0.46446224953529847,-0.7403385161734453,-0.103397101541718,0.7232707480132219,702,Green,0
0.8006989570204848,0.6203434576309781,0.8384990037883289,1.0740946950621322,702,Green,0
0.8006989570204848,0.6203434576309781,0.8384990037883289,1.0740946950621322,702,Green,0
0.503258792706666,0.4259603185160605,0.19636627931453285,0.1984269859598917,702,Green,0
0.503258792706666,0.4259603185160605,0.19636627931453285,0.1984269859598917,702,Green,0
0.5900891512330603,-0.1571890988286924,-0.20230380080900878,0.05781897543632036,702,Green,0
0.9965291273140545,0.03719404028622523,0.00768272994308565,0.8040159421752726,702,Green,0
0.9965291273140545,0.03719404028622523,0.00768272994308565,0.8040159421752726,702,Green,0
1.7096465398925265,-1.7122542117480335,0.4504804143551109,0.490780275167317,702,Green,0
1.7096465398925265,-1.7122542117480335,0.4504804143551109,0.490780275167317,702,Green,0
0.519885882637252,1.1063013054182722,1.501934709642772,1.6058992497156392,702,Green,0
0.519885882637252,1.1063013054182722,1.501934709642772,1.6058992497156392,702,Green,0
0.5679196979922789,-0.059997529271233585,-0.4031604823979687,-0.273514752332095,702,Green,0
1.4676300086806617,-1.5178710726331157,-0.2631694618965724,-0.07304392544700328,702,Yellow,1
1.4676300086806617,-1.5178710726331157,-0.2631694618965724,-0.07304392544700328,702,Green,0
1.4676300086806617,-1.5178710726331157,-0.2631694618965724,-0.07304392544700328,702,Green,0
0.7360380517348717,1.0091097358608134,0.6528587374712598,1.0490358417014958,702,Green,0
0.7360380517348717,1.0091097358608134,0.6528587374712598,1.0490358417014958,702,Green,0
0.5623773346820833,1.0091097358608134,0.16289016571637277,0.8304669540559444,702,Green,0
0.5623773346820833,1.0091097358608134,0.16289016571637277,0.8304669540559444,702,Green,0
1.5138163695989566,-1.3234879335181982,-0.2114336499721433,-0.4029854946953833,702,Green,0
1.5138163695989566,-1.3234879335181982,-0.2114336499721433,-0.4029854946953833,702,Green,0
0.8598174989959022,0.13438560984368403,-0.35294631200072873,-0.4809463718173634,702,Green,0
0.12822554205011213,0.4259603185160605,-0.37577093490856506,-0.3932403850551358,702,Green,0
1.0094613083711772,-2.6841699073226217,-0.5248918045730959,-0.5171424933382828,702,Green,0
0.9521902208324918,-1.8094457813054923,-0.22817170677122328,-0.07304392544700328,702,Green,0
0.9521902208324918,-1.8094457813054923,-0.22817170677122328,-0.07304392544700328,702,Green,0
1.5784772748845697,-2.5869783377651627,-0.48989404944774684,-0.47676989625725735,702,Green,0
0.6750720553227229,-0.5459553770585277,-0.018185176019128873,-0.04380859652626075,702,Green,0
0.1263780876133804,0.717535027188437,-0.42294182225142685,-0.42247571397587835,702,Green,0
0.1263780876133804,0.717535027188437,-0.42294182225142685,-0.42247571397587835,702,Green,0
0.4034962531231493,0.6203434576309781,-0.2251284237168452,-0.386279592454959,702,Green,0
0.5808518790494012,-0.1571890988286924,-0.002968760747238025,-0.013181109085482895,702,Green,0
0.5808518790494012,-0.1571890988286924,-0.002968760747238025,-0.013181109085482895,702,Green,0
1.07412221365679,-0.059997529271233585,-0.14448142277582338,-0.08418119360728615,702,Green,0
0.46076734066183495,-0.059997529271233585,-0.18100081942836155,0.3028388749625436,702,Green,0
1.6579178156640366,-1.7122542117480335,-0.39707391628921235,-0.47955421329732806,702,Green,0
1.0353256704854223,-0.44876380750106887,0.18875807167858744,0.44205472696607945,702,Green,0
1.0353256704854223,-0.44876380750106887,0.18875807167858744,0.44205472696607945,702,Green,0
0.2667846248049966,1.0091097358608134,-0.492937332502125,-0.6521818697817126,702,Green,0
0.9503427663957597,-0.7403385161734453,-0.3559895950551069,-0.43778945769626726,702,Green,0
0.833953136881657,0.8147265967458958,0.16289016571637277,-0.025710535765801103,702,Green,0
0.5993264234167194,1.0091097358608134,-0.07752919557950334,-0.22478920413085748,702,Green,0
0.8265633191347299,-0.35157223794361003,-0.002968760747238025,1.6532326393968415,702,Green,0
0.8265633191347299,-0.35157223794361003,-0.002968760747238025,1.6532326393968415,702,Green,0
0.8431904090653161,0.23157717940114286,-0.36664108574543053,0.02858364651557784,702,Green,0
0.8431904090653161,0.23157717940114286,-0.36664108574543053,0.02858364651557784,702,Green,0
0.440445341857785,0.717535027188437,7.419598608881144,7.124415623135802,702,Green,0
0.440445341857785,0.717535027188437,7.419598608881144,7.124415623135802,702,Green,0
0.6030213322901828,0.9119181663033545,7.0726643406820315,6.983807612612229,702,Green,0
0.7970040481470212,1.0091097358608134,1.7956115243902664,1.6741150171973718,702,Green,0
0.2501575348744105,0.23157717940114286,-0.23121498982560149,-0.11341652252802868,702,Green,0
0.2501575348744105,0.23157717940114286,-0.23121498982560149,-0.11341652252802868,702,Green,0
0.6011738778534511,0.9119181663033545,0.16897673182512915,0.7636433450942471,702,Green,0
0.40534370755988103,0.8147265967458958,-0.5051104647196377,-0.5032209081379292,702,Green,0
0.05247991014410862,1.203492874975731,2.1349375849534336,1.9079976485633119,702,Green,0
0.05247991014410862,1.203492874975731,2.1349375849534336,1.9079976485633119,702,Green,0
0.771139686032776,0.03719404028622523,2.6568606287792913,2.7293711753841734,702,Green,0
0.5402078814413019,0.5231518880735193,2.016249545832684,2.140488121409217,702,Green,0
0.5402078814413019,0.5231518880735193,2.016249545832684,2.140488121409217,702,Green,0
-0.3299431582593725,1.4950675836481075,1.5582354461487684,1.4973108851528811,702,Green,0
-0.3299431582593725,1.4950675836481075,1.5582354461487684,1.4973108851528811,702,Green,0
-0.22648570980239202,0.717535027188437,0.6772050019062852,0.9084278311779246,702,Green,0
-0.23387552754931937,0.6203434576309781,-0.2540396127334379,-0.1175929980881348,702,Green,0
-0.23387552754931937,0.6203434576309781,-0.2540396127334379,-0.1175929980881348,702,Green,0
0.009988458099277314,0.4259603185160605,0.004639446888707399,0.7135256383729743,702,Green,0
1.6800872689048176,-1.3234879335181982,-0.33925153825602694,-0.40020117765531266,702,Green,0
0.31481844016002314,0.9119181663033545,-0.02427174212788524,0.08566214583702757,702,Green,0
0.8154785925143387,0.23157717940114286,-0.14143813972144526,-0.12455379068831156,702,Green,0
-0.5146886019325517,0.23157717940114286,-0.28447244327721966,0.003524793154941424,702,Green,0
0.21320844613977477,-2.00382892042041,-0.6587962589657358,-0.7913977217852484,702,Green,0
0.21320844613977477,-2.00382892042041,-0.6587962589657358,-0.7913977217852484,702,Green,0
-0.17475698557390196,-0.7403385161734453,-0.6679261081288704,-0.8122800995857788,702,Green,0
-0.13041807909233888,-0.059997529271233585,-0.5248918045730959,-0.657750503861854,702,Green,0
-0.13041807909233888,-0.059997529271233585,-0.5248918045730959,-0.657750503861854,702,Green,0
-0.18768916663102456,0.4259603185160605,0.013769296051842015,0.03554443911575461,702,Green,0
0.1300729964868439,0.6203434576309781,0.5463438305680236,0.3835840691245944,702,Green,0
-0.44818024221020697,0.4259603185160605,-0.36359780269105235,-0.4739855792171866,702,Green,0
-0.44818024221020697,0.4259603185160605,-0.36359780269105235,-0.4739855792171866,702,Green,0
-1.3072465552904906,0.8147265967458958,-0.2555612542606269,0.07452487767674469,702,Green,0
-0.51284114749582,0.9119181663033545,1.8427824117331284,1.6198208349159926,702,Green,0
-0.51284114749582,0.9119181663033545,1.8427824117331284,1.6198208349159926,702,Green,0
-0.1766044400106337,-0.35157223794361003,-0.11100530917766342,-0.014573267605518223,702,Green,0
-0.1766044400106337,-0.35157223794361003,-0.11100530917766342,-0.014573267605518223,702,Green,0
-0.1766044400106337,-0.35157223794361003,-0.11100530917766342,-0.014573267605518223,702,Green,0
-0.27636697959415035,-0.6431469466159865,-0.5188052384643396,-0.45171104289662084,702,Green,0
-0.27636697959415035,-0.6431469466159865,-0.5188052384643396,-0.45171104289662084,702,Green,0
-0.7899593130055889,0.8147265967458958,-0.31338363229381233,-0.35982858057428724,702,Green,0
-0.7899593130055889,0.8147265967458958,-0.31338363229381233,-0.35982858057428724,702,Green,0
-0.727145862156708,0.717535027188437,-0.4777209172302341,-0.49069148145761093,702,Green,0
-0.727145862156708,0.717535027188437,-0.4777209172302341,-0.49069148145761093,702,Green,0
-0.7363831343403667,0.8147265967458958,-0.6405365606394667,-0.7691231854646826,702,Green,0
-0.6070613237691413,0.6203434576309781,-0.35751123658229594,-0.04937723060640219,702,Green,0
-0.6070613237691413,0.6203434576309781,-0.35751123658229594,-0.04937723060640219,702,Green,0
-1.3238736452210769,0.13438560984368403,-0.21447693302652152,-0.28186770345230705,702,Green,0
0.2741744425519236,-0.44876380750106887,-0.2586045373150051,-0.18441660704983207,702,Green,0
-0.19507898437795157,1.203492874975731,0.7821982672823327,0.5770941034095091,702,Green,0
0.24831008043767872,0.32876874895860164,-0.09578889390577244,1.207741912985527,764,Green,0
0.4312080696741262,0.23157717940114286,-0.40924704850672505,0.1594465473989016,764,Green,0
0.6233433310942325,-1.1291047944032806,-0.49902389861088137,-0.5366327126187778,808,Green,0
0.4367504329843215,0.13438560984368403,0.923710929310918,0.8861532948573588,808,Green,0
0.4367504329843215,0.13438560984368403,0.923710929310918,0.8861532948573588,808,Green,0
0.5014113382699341,0.03719404028622523,-0.1460030643030124,0.007701268715047534,808,Green,0
0.7655973227225804,0.9119181663033545,0.7791549842279543,0.7775649302946009,808,Green,0
0.7655973227225804,0.9119181663033545,0.7791549842279543,0.7775649302946009,808,Green,0
0.8080887747674118,-0.2543806683861512,-0.492937332502125,-0.5742209926597325,808,Green,0
-0.09162153592097108,0.23157717940114286,-0.645101485221034,-0.6076327971405809,808,Green,0
0.7009364174369681,0.8147265967458958,0.010726012997463764,-0.16492638776933696,808,Green,0
0.7009364174369681,0.9119181663033545,-0.004490402274427083,0.009093427235082864,808,Green,0
0.699088963000236,0.4259603185160605,-0.4655477850127214,-0.6159857482607932,808,Green,0
0.699088963000236,0.32876874895860164,-0.36664108574543053,-0.15100480256898344,808,Green,0
0.7009364174369681,1.3006844445331898,-0.593365673296605,-0.7245741128235512,808,Green,0
0.7009364174369681,1.3006844445331898,-0.593365673296605,-0.7245741128235512,808,Green,0
0.23537789938055612,0.4259603185160605,-0.17339261179241608,-0.0939263032475337,808,Green,0
0.23353044494382438,0.32876874895860164,-0.49445897402931405,-0.6480053942216065,808,Green,0
0.06725954563796298,0.32876874895860164,0.3409222243974964,1.5529972259542955,808,Green,0
0.8043938658939482,-1.1291047944032806,-0.33925153825602694,-0.12733810772838233,808,Green,0
0.43490297854758975,-0.6431469466159865,-0.3301216890928924,0.3111918260827556,808,Green,0
0.9909867640038595,-0.2543806683861512,-0.5796708995519032,-0.6716720890622077,808,Green,0
1.3604776513502181,-1.0319132248458218,-0.6298850699491432,-0.7719075025047534,808,Green,0
0.6214958766575007,-2.8785530464375393,-0.6435798436938449,-0.7036917350230207,808,Green,0
0.25200498931114224,-2.5869783377651627,-0.677055957292005,-0.8192408921859555,808,Green,0
-1.0412131164011125,0.23157717940114286,-0.5568462766440668,-0.5449856637389899,808,Green,0
-1.0412131164011125,0.23157717940114286,-0.5568462766440668,-0.5449856637389899,808,Green,0
0.06356463676449947,-0.6431469466159865,-0.5568462766440668,-0.4141227628556662,808,Green,0
-0.21355352874526942,0.5231518880735193,-0.3559895950551069,-0.36539721465442865,808,Green,0
0.22244571832343352,0.6203434576309781,-0.5111970308283941,-0.6285151749411114,808,Green,0
-0.09531644479443492,1.203492874975731,-0.6085820885684958,-0.7329270639437633,808,Yellow,1
