timestamp,temperature,humidity,pm1_0,pm2_5,pm10,risk_label
2021-06-01,14.46,95,1.42,1.94,2.8,Green
2021-06-01,20.11,62,1.69,2.31,2.43,Green
2021-06-01,15.95,95,1.64,2.15,2.73,Green
2021-06-01,18.6,79,1.18,1.69,1.83,Green
2021-06-01,27.35,41,0.99,1.39,1.54,Green
2021-06-01,14.18,92,2.71,3.82,6.25,Yellow
2021-06-01,17.03,83,3.07,4.08,5.62,Green
2021-06-02,15.91,88,5.55,7.55,8.51,Green
2021-06-02,15.2,92,0.85,1.19,1.64,Green
2021-06-02,13.95,95,1.3,1.81,2.38,Green
2021-06-02,16.52,72,1.78,2.42,2.92,Green
2021-06-02,17.77,91,4.26,5.8,6.34,Green
2021-06-02,22.3,45,2.48,3.34,4.15,Green
2021-06-02,14.39,92,5.52,7.56,9.9,Green
2021-06-02,14.3,93,7.07,9.77,11.53,Green
2021-06-02,8.72000000000003,84,0.35,0.5,0.64,Green
2021-06-03,13.17,84,2.45,3.53,4.43,Green
2021-06-03,29.43,32,3.2,4.37,4.96,Green
2021-06-03,16.06,92,16.22,23.77,25.67,Yellow
2021-06-03,14.21,92,2.2,3.04,5.46,Green
2021-06-03,1.75,85,0.37,0.5,0.86,Green
2021-06-04,17.0700000000001,79,2.81,3.93,7.39,Yellow
2021-06-04,16.72,76,2.01,2.94,3.42,Green
2021-06-04,13.42,83,1.72,2.42,4.2,Green
2021-06-04,14.2,77,5.37,7.7,8.54,Green
2021-06-04,16.15,74,1.42,1.95,3.38,Green
2021-06-04,16.33,99,8.08,10.81,12.28,Yellow
2021-06-04,15.15,85,3.14,4.43,9.04,Green
2021-06-04,15.93,73,1.24,1.71,2.78,Green
2021-06-04,6.16000000000003,95,0.36,0.5,0.6,Green
2021-06-05,15.09,82,2.49,3.37,5.08,Green
2021-06-05,15.23,70,1.82,2.48,4.41,Green
2021-06-05,11.92,76,0.4,0.52,1.36,Green
2021-06-05,15.24,76,2.22,3.33,4.91,Green
2021-06-05,20.93,67,2.61,3.75,4.79,Green
2021-06-05,26.98,39,6.74,9.5,11.39,Green
2021-06-05,16.34,96,2.01,2.81,2.97,Yellow
2021-06-05,12.28,92,1.47,2.04,2.53,Green
2021-06-05,14.92,86,7.81,11.06,13.0,Green
2021-06-05,6.05000000000001,91,0.45,0.63,0.74,Yellow
2021-06-06,14.7,89,2.17,3.14,3.86,Green
2021-06-06,17.39,64,2.43,3.36,3.64,Green
2021-06-06,18.87,72,6.19,8.8,9.76,Green
2021-06-06,13.67,72,0.56,0.79,2.34,Green
2021-06-06,16.21,77,1.38,2.05,2.84,Green
2021-06-06,17.65,75,6.46,8.8,9.54,Green
2021-06-06,16.0700000000001,90,1.54,2.19,2.49,Yellow
2021-06-06,12.61,86,2.03,2.78,7.34,Green
2021-06-06,15.27,85,2.85,4.03,6.69,Green
2021-06-06,5.11000000000001,84,0.37,0.5,0.55,Green
2021-06-07,20.95,83,41.32,53.96,57.75,Yellow
2021-06-07,14.98,86,3.93,5.29,7.28,Green
2021-06-07,20.23,54,4.35,5.89,6.86,Green
2021-06-07,16.38,94,4.65,6.69,6.96,Green
2021-06-07,14.4,80,1.74,2.36,5.11,Green
2021-06-07,16.7,76,1.85,2.57,4.06,Green
2021-06-07,14.36,94,2.47,3.29,5.11,Yellow
2021-06-07,14.03,93,4.23,6.32,10.15,Green
2021-06-07,16.7,94,7.19,10.11,12.22,Green
2021-06-07,1.64000000000004,93,2.59,3.78,4.49,Green
2021-06-08,16.64,83,27.59,38.7,45.04,Red
2021-06-08,13.48,94,9.23,12.23,14.16,Yellow
2021-06-08,16.62,84,3.38,4.86,7.33,Green
2021-06-08,17.78,92,1.9,2.61,2.87,Green
2021-06-08,13.56,93,1.95,2.68,4.07,Green
2021-06-08,15.89,78,4.18,5.74,8.6,Green
2021-06-08,17.61,79,2.79,3.59,3.85,Green
2021-06-08,14.68,92,7.0,10.01,16.72,Yellow
2021-06-08,16.49,95,6.03,8.88,10.04,Green
2021-06-08,2.15000000000003,93,1.48,2.02,3.06,Green
2021-06-09,17.73,82,18.12,25.41,29.47,Red
2021-06-09,15.13,85,3.23,4.65,5.53,Green
2021-06-09,16.45,60,2.83,3.62,5.77,Green
2021-06-09,16.75,69,1.71,2.35,2.99,Green
2021-06-09,10.27,94,2.23,2.75,5.98,Green
2021-06-09,20.68,86,3.02,4.36,4.83,Green
2021-06-09,17.59,70,3.31,4.35,5.3,Green
2021-06-09,24.29,50,3.51,4.65,5.25,Green
2021-06-09,15.3200000000001,89,4.81,7.09,12.51,Green
2021-06-09,14.61,95,6.55,8.82,13.5,Green
2021-06-09,5.78000000000003,77,0.4,0.55,1.61,Green
2021-06-10,17.65,91,12.59,16.41,18.56,Red
2021-06-10,14.35,93,2.83,3.78,4.19,Green
2021-06-10,16.01,93,2.3,3.34,3.81,Green
2021-06-10,14.49,72,0.73,1.03,1.66,Green
2021-06-10,14.5700000000001,89,2.46,3.27,8.75,Green
2021-06-10,16.73,72,1.38,1.8,2.03,Green
2021-06-10,16.98,88,7.7,11.44,12.58,Yellow
2021-06-10,14.16,91,2.78,3.83,4.49,Green
2021-06-10,3.55000000000001,85,0.59,0.8,2.48,Green
2021-06-11,19.84,90,2.78,3.74,4.8,Yellow
2021-06-11,16.77,83,1.07,1.46,1.71,Green
2021-06-11,14.73,71,3.88,5.67,9.46,Green
2021-06-11,17.71,77,1.91,2.7,3.48,Green
2021-06-11,14.42,87,1.73,2.42,5.69,Yellow
2021-06-11,17.6,78,2.25,3.04,3.29,Green
2021-06-11,14.29,79,4.64,6.59,10.57,Yellow
2021-06-11,14.8200000000001,85,1.3,1.82,2.38,Green
2021-06-11,5.15000000000003,81,0.36,0.5,0.75,Yellow
2021-06-12,14.58,82,0.96,1.36,2.8,Yellow
2021-06-12,14.67,86,1.46,1.96,2.38,Green
2021-06-12,13.84,95,1.66,2.2,2.27,Green
2021-06-12,22.04,56,2.54,3.49,3.97,Green
2021-06-12,14.18,90,1.66,2.4,3.14,Green
2021-06-12,16.2,75,2.38,3.55,4.08,Green
2021-06-12,15.91,78,2.96,4.29,4.86,Green
2021-06-12,14.63,96,13.19,17.87,18.53,Yellow
2021-06-12,15.67,78,4.58,6.36,8.01,Green
2021-06-12,16.93,82,1.27,1.75,2.51,Green
2021-06-12,3.09000000000003,93,1.25,1.58,2.91,Yellow
2021-06-13,12.46,87,1.01,1.37,5.17,Red
2021-06-13,11.85,96,2.0,2.58,2.83,Green
2021-06-13,14.19,77,1.42,1.91,3.16,Green
2021-06-13,20.66,60,3.91,5.78,6.6,Green
2021-06-13,11.55,91,0.85,1.26,1.65,Green
2021-06-13,15.5700000000001,79,0.92,1.28,1.58,Green
2021-06-13,15.87,96,5.45,8.0,8.4,Yellow
2021-06-13,15.79,84,6.07,8.31,11.55,Green
2021-06-13,12.06,87,0.53,0.75,2.27,Green
2021-06-13,11.49,95,3.8,5.42,7.47,Yellow
2021-06-14,16.25,92,4.53,6.42,14.85,Red
2021-06-14,15.5700000000001,89,1.09,1.53,1.95,Green
2021-06-14,14.78,74,2.47,3.35,4.44,Green
2021-06-14,16.0,84,2.58,3.8,4.36,Green
2021-06-14,12.91,85,0.63,0.87,2.13,Green
2021-06-14,19.64,78,1.93,2.82,3.14,Green
2021-06-14,15.35,78,1.53,2.13,2.32,Green
2021-06-14,17.13,92,7.27,9.41,10.26,Yellow
2021-06-14,14.78,97,5.71,8.11,9.83,Green
2021-06-14,16.35,93,3.83,5.06,5.45,Green
2021-06-14,10.78,94,1.86,2.64,6.19,Yellow
2021-06-15,15.47,92,3.54,5.01,8.82,Yellow
2021-06-15,15.14,89,3.72,5.33,6.46,Green
2021-06-15,14.58,71,2.02,2.74,3.86,Green
2021-06-15,18.89,68,1.52,2.17,2.7,Green
2021-06-15,9.90000000000003,82,0.41,0.59,1.4,Green
2021-06-15,19.81,77,2.65,3.78,4.26,Green
2021-06-15,13.09,84,7.82,10.84,11.7,Green
2021-06-15,19.35,81,4.37,6.65,7.45,Yellow
2021-06-15,13.86,92,8.56,12.29,13.0,Green
2021-06-15,16.35,94,3.44,4.96,6.7,Green
2021-06-15,10.4,96,3.37,4.81,10.71,Yellow
2021-06-16,12.67,91,15.63,21.49,23.42,Red
2021-06-16,15.04,86,1.35,1.95,2.8,Green
2021-06-16,15.84,88,2.36,3.31,3.61,Green
2021-06-16,2.79000000000002,98,0.58,0.86,1.52,Green
2021-06-16,21.0,78,1.28,1.77,1.97,Green
2021-06-16,18.91,80,2.78,3.61,5.0,Yellow
2021-06-16,15.01,94,3.48,4.8,5.27,Green
2021-06-16,16.34,89,1.38,1.93,2.21,Green
2021-06-16,11.15,95,0.83,1.18,1.71,Yellow
2021-06-17,13.31,91,8.95,13.51,15.35,Yellow
2021-06-17,14.24,96,1.95,2.8,3.91,Green
2021-06-17,17.62,79,1.39,1.9,2.31,Green
2021-06-17,17.39,68,2.9,3.99,9.15,Yellow
2021-06-17,15.61,89,4.39,6.36,9.16,Green
2021-06-17,16.34,88,1.82,2.58,5.55,Green
2021-06-17,9.48000000000002,93,3.44,4.91,5.61,Yellow
2021-06-18,12.3,81,13.27,19.86,21.97,Red
2021-06-18,14.69,94,2.96,4.13,5.07,Green
2021-06-18,17.98,75,1.68,2.2,2.82,Green
2021-06-18,6.29000000000002,84,1.97,2.81,3.45,Green
2021-06-18,17.78,75,2.85,4.11,4.55,Green
2021-06-18,20.3200000000001,72,2.18,2.89,3.24,Green
2021-06-18,13.76,94,1.73,2.36,3.03,Green
2021-06-18,16.35,98,0.83,1.09,1.43,Green
2021-06-18,9.53000000000003,71,15.24,20.17,21.08,Yellow
2021-06-19,16.06,92,7.88,11.21,16.66,Yellow
2021-06-19,15.16,88,1.96,2.69,3.18,Green
2021-06-19,17.72,79,2.12,2.84,4.17,Green
2021-06-19,0.520000000000039,92,2.74,3.98,4.59,Yellow
2021-06-19,23.09,67,6.63,9.25,13.4,Green
2021-06-19,18.55,82,0.58,0.86,1.12,Green
2021-06-19,13.83,89,2.79,3.85,5.96,Green
2021-06-19,7.67000000000002,89,5.58,7.32,8.32,Yellow
2021-06-20,17.12,85,6.32,9.16,13.01,Yellow
2021-06-20,16.11,93,1.87,2.57,2.92,Yellow
2021-06-20,20.22,70,8.4,11.74,19.39,Green
2021-06-20,9.93000000000001,89,0.59,0.77,1.78,Yellow
2021-06-20,17.49,75,3.33,4.43,5.74,Green
2021-06-20,13.8200000000001,88,1.31,1.74,1.98,Green
2021-06-20,5.53000000000003,97,4.57,6.5,7.16,Yellow
2021-06-21,12.05,97,7.45,10.22,13.77,Yellow
2021-06-21,16.93,79,0.56,0.75,0.94,Green
2021-06-21,28.03,55,4.99,6.94,8.87,Green
2021-06-21,10.54,80,1.26,1.69,7.17,Yellow
2021-06-21,22.36,78,1.34,1.89,2.14,Green
2021-06-21,19.77,64,1.53,2.22,2.37,Green
2021-06-21,22.05,79,5.92,8.41,12.87,Yellow
2021-06-21,15.0700000000001,77,3.16,4.31,11.83,Green
2021-06-21,5.95000000000005,86,2.27,3.26,5.32,Yellow
2021-06-22,10.3,87,12.3,17.75,22.39,Yellow
2021-06-22,16.64,79,2.23,3.09,4.28,Yellow
2021-06-22,26.72,55,2.88,4.17,4.74,Green
2021-06-22,3.76000000000005,86,1.54,2.14,6.5,Green
2021-06-22,19.66,79,1.41,1.88,2.45,Green
2021-06-22,16.89,91,7.64,10.5,14.35,Green
2021-06-22,12.92,88,4.88,7.23,17.79,Green
2021-06-22,4.98000000000002,77,5.48,7.47,14.18,Yellow
2021-06-23,17.18,82,1.64,2.42,4.42,Yellow
2021-06-23,14.76,91,2.81,3.68,5.74,Green
2021-06-23,24.17,69,3.48,4.84,9.77,Green
2021-06-23,11.06,94,1.83,2.4,5.16,Green
2021-06-23,23.06,81,5.44,7.74,11.57,Green
2021-06-23,28.39,43,5.57,8.32,9.55,Green
2021-06-23,20.68,67,11.73,16.03,18.3,Green
2021-06-23,15.28,89,4.71,6.28,8.06,Green
2021-06-23,16.91,73,2.01,2.76,5.72,Green
2021-06-24,11.52,96,4.16,5.45,12.61,Red
2021-06-24,17.48,88,0.99,1.39,1.76,Green
2021-06-24,25.16,64,18.34,25.78,27.39,Green
2021-06-24,11.59,94,1.48,2.05,5.27,Green
2021-06-24,25.18,74,2.27,3.04,3.81,Green
2021-06-24,17.98,83,2.31,3.22,7.54,Green
2021-06-24,15.75,83,2.82,3.66,7.05,Green
2021-06-24,14.91,78,2.11,2.82,8.87,Green
2021-06-24,7.93000000000001,93,11.2,15.92,18.62,Yellow
2021-06-25,17.17,95,2.53,3.55,5.29,Yellow
2021-06-25,22.05,69,3.45,4.3,5.52,Green
2021-06-25,19.3,70,2.94,4.08,5.2,Green
2021-06-25,24.62,62,12.16,16.66,18.82,Green
2021-06-25,8.5,94,4.27,6.15,8.14,Green
2021-06-25,25.01,69,3.6,5.25,6.16,Green
2021-06-25,17.95,85,3.78,5.04,12.41,Green
2021-06-25,8.47000000000003,96,3.16,4.28,7.62,Yellow
2021-06-26,14.89,94,4.73,6.55,8.93,Yellow
2021-06-26,21.25,76,1.37,1.85,4.52,Green
2021-06-26,19.36,75,5.75,8.29,9.13,Green
2021-06-26,26.15,60,8.09,11.64,12.78,Green
2021-06-26,28.48,59,3.24,4.4,8.6,Green
2021-06-26,23.63,66,13.61,17.77,20.98,Green
2021-06-26,21.81,67,5.28,7.95,10.16,Green
2021-06-26,17.92,82,0.85,1.18,1.81,Green
2021-06-26,8.22000000000003,97,8.93,12.3,12.8,Yellow
2021-06-27,17.1,87,3.4,5.02,6.51,Yellow
2021-06-27,17.68,93,1.83,2.63,4.82,Green
2021-06-27,21.5,77,6.55,9.07,9.7,Green
2021-06-27,16.93,78,2.33,3.17,4.54,Yellow
2021-06-27,29.85,46,11.12,14.57,15.63,Green
2021-06-27,15.37,96,10.13,14.86,18.17,Green
2021-06-27,19.92,74,0.64,0.85,1.09,Green
2021-06-27,8.77000000000004,97,3.03,4.49,5.21,Yellow
2021-06-28,10.99,81,1.72,2.44,5.64,Yellow
2021-06-28,17.92,87,3.41,4.96,7.26,Green
2021-06-28,21.35,76,6.76,9.66,13.23,Green
2021-06-28,18.42,73,1.22,1.59,2.59,Green
2021-06-28,9.97000000000003,87,3.13,4.09,5.12,Green
2021-06-28,27.9,55,5.61,8.68,11.16,Green
2021-06-28,15.63,84,1.64,2.34,4.67,Green
2021-06-28,15.92,55,0.54,0.76,1.58,Green
2021-06-28,9.68000000000001,98,1.99,2.6,2.81,Yellow
2021-06-29,9.12,87,0.95,1.32,1.69,Red
2021-06-29,16.84,93,10.05,13.68,15.65,Green
2021-06-29,18.83,74,3.37,4.7,7.61,Green
2021-06-29,10.01,92,3.25,4.41,6.37,Green
2021-06-29,27.73,44,7.87,11.31,12.55,Green
2021-06-29,19.33,81,3.37,4.71,5.1,Yellow
2021-06-29,20.5,69,2.35,3.26,6.11,Green
2021-06-29,13.92,58,0.41,0.54,0.75,Green
2021-06-29,9.25,83,2.38,3.08,6.71,Green
2021-06-30,18.33,84,5.03,7.05,8.91,Green
2021-06-30,19.35,73,7.64,10.44,12.53,Green
2021-06-30,18.5,74,0.88,1.2,1.78,Green
2021-06-30,20.01,78,4.44,6.28,6.89,Yellow
2021-06-30,16.54,95,6.83,9.28,14.17,Green
2021-06-30,6.92000000000002,87,1.05,1.33,2.72,Green
2021-06-30,9.76000000000005,96,2.02,2.88,3.15,Yellow
2021-07-01,14.74,86,1.96,2.64,4.87,Green
2021-07-01,17.61,68,1.57,2.09,2.85,Green
2021-07-01,18.38,83,6.4,8.64,10.1,Green
2021-07-01,8.48000000000002,93,1.65,2.4,4.4,Green
2021-07-01,19.48,77,6.18,8.66,9.43,Green
2021-07-01,19.41,71,1.39,2.02,2.74,Yellow
2021-07-01,15.6,95,4.23,6.06,12.6,Green
2021-07-01,13.13,95,4.06,5.73,6.93,Yellow
2021-07-02,13.79,90,2.61,3.56,5.74,Green
2021-07-02,15.93,82,0.55,0.78,1.17,Green
2021-07-02,8.87,88,1.26,1.76,5.84,Green
2021-07-02,19.17,89,4.55,6.23,6.87,Green
2021-07-02,18.61,74,1.18,1.76,1.89,Green
2021-07-02,20.75,71,2.61,3.6,3.74,Green
2021-07-02,12.22,93,2.72,3.73,5.4,Yellow
2021-07-03,18.99,72,3.07,4.27,5.12,Green
2021-07-03,20.34,49,0.36,0.5,0.67,Green
2021-07-03,24.16,56,2.98,4.24,5.16,Green
2021-07-03,17.21,86,1.86,2.67,3.18,Green
2021-07-03,12.42,84,4.65,6.37,11.7,Yellow
2021-07-04,14.14,71,2.41,3.3,4.5,Yellow
2021-07-04,14.39,97,3.19,4.59,7.24,Green
2021-07-04,14.43,89,2.01,2.79,3.22,Green
2021-07-04,18.96,78,2.79,3.86,4.25,Green
2021-07-04,10.6,90,1.74,2.35,3.17,Yellow
2021-07-05,12.93,83,0.79,1.12,1.26,Yellow
2021-07-05,13.37,89,0.97,1.44,2.14,Green
2021-07-05,16.7,81,0.89,1.23,1.66,Green
2021-07-05,15.12,71,1.4,1.96,2.56,Green
2021-07-05,13.9,88,3.26,4.36,15.31,Green
2021-07-05,9.44,82,2.56,3.28,5.58,Yellow
2021-07-06,10.08,88,0.69,0.97,2.94,Red
2021-07-06,14.09,77,0.94,1.33,1.86,Green
2021-07-06,18.49,65,2.07,2.97,3.45,Yellow
2021-07-06,2.71000000000004,89,0.69,1.0,3.17,Green
2021-07-06,17.4,65,1.09,1.44,2.41,Green
2021-07-06,7.05000000000001,95,1.7,2.38,5.78,Green
2021-07-07,11.78,93,3.59,5.11,7.11,Red
2021-07-07,12.91,96,2.84,3.81,4.04,Green
2021-07-07,18.24,66,1.42,1.97,3.35,Green
2021-07-07,2.02000000000004,93,4.78,7.05,8.91,Green
2021-07-07,14.7,86,2.32,3.19,4.79,Green
2021-07-07,13.25,89,1.77,2.52,3.81,Green
2021-07-07,14.89,87,1.62,2.3,7.78,Green
2021-07-07,14.39,63,1.42,2.02,2.3,Yellow
2021-07-07,1.80000000000001,86,0.58,0.84,1.8,Yellow
2021-07-08,14.8,95,9.47,12.21,13.27,Red
2021-07-08,13.42,94,0.87,1.2,1.58,Green
2021-07-08,15.43,87,8.29,11.28,12.13,Yellow
2021-07-08,4.84000000000003,97,12.8,17.12,17.79,Yellow
2021-07-08,18.15,65,0.58,0.8,0.91,Green
2021-07-08,18.02,57,1.04,1.54,2.92,Green
2021-07-08,12.21,81,0.52,0.74,1.02,Yellow
2021-07-08,-2.73999999999995,93,5.32,7.84,8.77,Yellow
2021-07-09,9.45000000000005,100,20.21,28.09,30.7,Yellow
2021-07-09,11.89,92,0.79,1.16,1.77,Green
2021-07-09,19.04,73,13.58,17.79,19.05,Green
2021-07-09,14.76,44,3.16,4.46,5.38,Green
2021-07-09,17.71,66,2.42,3.49,6.11,Green
2021-07-09,3.79000000000002,90,0.59,0.85,1.6,Yellow
2021-07-10,10.7,93,16.21,23.55,24.92,Yellow
2021-07-10,11.47,97,1.28,1.76,2.61,Green
2021-07-10,19.01,65,4.55,6.07,6.55,Green
2021-07-10,7.13,88,0.4,0.52,0.72,Yellow
2021-07-10,14.33,84,2.69,3.82,7.11,Green
2021-07-10,21.1,58,1.2,1.77,3.21,Green
2021-07-10,10.49,83,2.09,2.94,4.47,Yellow
2021-07-10,8.38,96,2.27,3.16,3.63,Yellow
2021-07-11,17.44,83,3.1,4.19,4.56,Green
2021-07-11,8.84000000000003,80,1.5,2.01,6.37,Yellow
2021-07-11,8.89000000000004,97,0.96,1.31,2.4,Green
2021-07-11,15.45,96,2.64,3.36,3.73,Green
2021-07-11,3.69,81,0.63,0.93,1.1,Green
2021-07-11,12.48,78,8.78,12.42,13.62,Green
2021-07-11,13.58,68,0.93,1.37,1.55,Yellow
2021-07-11,2.73000000000002,92,0.66,0.85,1.31,Yellow
2021-07-12,10.25,93,1.22,1.78,4.25,Red
2021-07-12,11.27,91,2.31,3.33,4.5,Green
2021-07-12,14.47,87,2.28,3.27,7.81,Green
2021-07-12,0.400000000000034,69,0.37,0.5,1.04,Green
2021-07-12,16.01,80,12.84,17.55,18.85,Green
2021-07-12,12.9,78,0.94,1.33,3.66,Green
2021-07-12,13.54,72,3.07,4.44,4.87,Yellow
2021-07-12,4.63,94,4.13,5.86,6.61,Yellow
2021-07-13,6.64000000000004,93,1.63,2.24,4.73,Yellow
2021-07-13,12.97,87,3.22,4.45,4.89,Green
2021-07-13,15.54,80,2.34,3.13,3.82,Yellow
2021-07-13,16.36,61,2.14,3.03,3.14,Green
2021-07-13,16.21,79,3.36,4.87,6.32,Green
2021-07-13,15.94,78,3.37,4.88,5.1,Yellow
2021-07-13,8.88,97,3.39,4.67,6.69,Green
2021-07-14,11.48,87,6.27,9.49,10.76,Yellow
2021-07-14,14.23,97,1.02,1.42,1.54,Green
2021-07-14,18.78,79,1.13,1.56,1.75,Green
2021-07-14,8.61000000000001,90,0.86,1.23,2.11,Green
2021-07-14,17.51,74,1.32,1.81,2.28,Green
2021-07-14,18.13,80,1.18,1.58,1.77,Yellow
2021-07-14,13.24,92,1.66,2.21,3.6,Green
2021-07-14,11.4,90,1.87,2.65,4.01,Green
2021-07-14,2.54000000000002,98,8.38,11.64,16.4,Green
2021-07-15,9.79000000000002,68,1.35,1.99,5.41,Yellow
2021-07-15,13.1,89,0.55,0.8,0.89,Green
2021-07-15,18.3,78,1.84,2.34,5.15,Yellow
2021-07-15,16.44,78,1.26,1.61,1.91,Yellow
2021-07-15,14.74,91,2.43,3.51,3.86,Green
2021-07-15,1.80000000000001,75,10.14,13.42,16.13,Green
2021-07-16,6.09000000000003,71,0.93,1.28,3.78,Red
2021-07-16,14.86,95,1.17,1.6,1.73,Green
2021-07-16,19.05,70,0.91,1.22,1.7,Green
2021-07-16,19.01,83,3.78,5.24,7.05,Green
2021-07-16,0.120000000000005,93,29.78,37.42,38.6,Yellow
2021-07-17,11.26,93,13.66,18.4,20.01,Red
2021-07-17,15.29,81,0.8,1.08,1.76,Green
2021-07-17,17.6,93,3.27,4.7,6.71,Green
2021-07-17,11.05,93,1.1,1.56,1.93,Green
2021-07-17,14.15,80,2.5,3.52,3.72,Green
2021-07-17,15.7,83,3.97,4.97,6.54,Green
2021-07-17,1.96000000000004,94,28.52,40.51,42.34,Yellow
2021-07-18,10.01,93,13.92,19.2,20.77,Red
2021-07-18,14.4,94,2.15,2.86,3.49,Green
2021-07-18,18.84,79,3.81,5.48,9.35,Green
2021-07-18,7.14000000000004,96,2.28,3.24,3.88,Green
2021-07-18,18.77,81,2.24,2.96,3.99,Green
2021-07-18,18.37,84,2.97,4.04,6.03,Green
2021-07-18,13.76,91,1.24,1.63,2.12,Green
2021-07-18,5.54000000000002,94,2.01,2.85,3.43,Yellow
2021-07-19,15.65,100,1.68,2.34,3.32,Red
2021-07-19,12.98,93,2.01,2.68,3.96,Green
2021-07-19,16.06,90,4.55,6.48,10.32,Yellow
2021-07-19,5.27000000000004,86,0.35,0.5,0.67,Green
2021-07-19,17.14,71,3.48,4.92,6.84,Green
2021-07-19,18.5700000000001,88,3.13,4.59,6.31,Yellow
2021-07-19,15.05,84,2.76,3.8,8.81,Green
2021-07-19,1.14000000000004,93,1.68,2.24,4.1,Yellow
2021-07-20,15.33,90,2.13,2.99,3.17,Yellow
2021-07-20,12.4,89,1.67,2.46,5.42,Green
2021-07-20,17.14,82,4.02,6.12,15.7,Green
2021-07-20,16.51,75,2.35,3.57,5.52,Green
2021-07-20,17.37,86,3.48,5.11,6.58,Yellow
2021-07-20,32.88,31,8.91,12.06,15.45,Green
2021-07-20,21.53,67,1.65,2.38,3.19,Green
2021-07-20,-1.39999999999998,93,16.1,21.74,24.58,Yellow
2021-07-21,8.26000000000005,87,0.55,0.81,1.58,Red
2021-07-21,15.46,79,1.96,2.84,5.63,Green
2021-07-21,16.64,73,1.34,1.9,3.97,Yellow
2021-07-21,18.5,77,2.95,4.27,6.33,Green
2021-07-21,18.16,80,4.62,6.23,9.81,Green
2021-07-22,8.48000000000002,83,1.19,1.71,2.28,Red
2021-07-22,16.68,74,1.46,1.98,4.83,Green
2021-07-22,15.75,89,1.9,2.73,4.94,Yellow
2021-07-22,6.29000000000002,78,0.36,0.5,1.49,Green
2021-07-22,22.84,60,1.06,1.6,1.97,Green
2021-07-22,1.17000000000002,92,1.7,2.19,3.54,Green
2021-07-23,8.0,91,1.72,2.43,3.47,Yellow
2021-07-23,16.36,82,2.71,3.68,5.88,Green
2021-07-23,18.0,87,2.15,2.97,3.53,Yellow
2021-07-23,18.86,73,1.91,2.69,4.13,Green
2021-07-23,18.59,84,2.11,2.97,3.53,Green
2021-07-23,14.0,95,1.23,1.75,1.95,Green
2021-07-23,-1.96999999999997,70,10.37,14.06,15.03,Green
2021-07-24,10.18,83,0.98,1.31,2.2,Red
2021-07-24,13.3200000000001,83,1.88,2.55,5.07,Green
2021-07-24,17.19,87,1.95,2.67,3.76,Yellow
2021-07-24,16.23,71,1.84,2.56,3.14,Green
2021-07-24,3.87,81,5.91,8.33,10.82,Yellow
2021-07-25,9.99000000000001,93,4.14,5.67,10.12,Yellow
2021-07-25,13.0,94,1.52,1.82,2.53,Green
2021-07-25,18.0700000000001,90,2.85,3.67,5.76,Green
2021-07-25,13.53,79,1.58,2.05,3.11,Green
2021-07-25,17.7,77,1.92,2.65,3.49,Green
2021-07-25,4.39000000000004,84,9.67,13.11,14.21,Yellow
2021-07-26,8.18000000000001,93,3.03,4.54,6.57,Yellow
2021-07-26,13.03,92,1.67,2.26,4.11,Green
2021-07-26,18.21,83,1.65,2.21,2.38,Green
2021-07-26,11.79,94,3.51,5.05,6.74,Green
2021-07-26,15.85,85,2.01,2.76,4.14,Green
2021-07-26,4.71000000000004,82,4.84,6.43,7.24,Green
2021-07-27,14.17,87,1.34,1.84,4.35,Yellow
2021-07-27,14.35,90,1.39,1.84,2.54,Green
2021-07-27,16.92,89,1.74,2.48,3.05,Green
2021-07-27,20.89,71,1.02,1.43,1.71,Green
2021-07-27,21.8,62,0.79,1.03,1.16,Green
2021-07-27,17.0700000000001,93,4.83,6.06,6.45,Green
2021-07-27,2.47000000000003,89,23.81,31.97,33.62,Green
2021-07-28,11.72,81,2.07,2.92,4.67,Yellow
2021-07-28,13.54,96,1.27,1.7,2.54,Green
2021-07-28,16.56,91,2.36,3.4,5.26,Green
2021-07-28,15.42,91,2.5,3.36,5.28,Green
2021-07-28,15.8,95,3.21,4.48,5.02,Green
2021-07-28,3.17000000000002,92,15.92,21.66,22.41,Green
2021-07-29,12.7,92,1.85,2.64,2.91,Yellow
2021-07-29,15.26,96,1.39,1.88,2.16,Green
2021-07-29,11.31,94,1.08,1.48,2.23,Green
2021-07-29,12.04,97,0.76,0.99,1.37,Yellow
2021-07-29,14.69,95,1.12,1.61,2.13,Yellow
2021-07-29,7.73000000000002,84,0.83,1.1,2.68,Yellow
2021-07-30,10.11,90,0.53,0.72,0.91,Yellow
2021-07-30,14.51,93,1.34,1.88,2.39,Green
2021-07-30,9.5,95,3.07,4.27,5.11,Green
2021-07-30,21.41,70,2.07,3.16,3.27,Green
2021-07-30,14.69,89,1.47,2.04,2.64,Yellow
2021-07-30,0.760000000000048,93,6.96,9.22,10.45,Green
2021-07-31,9.13,89,0.96,1.28,2.22,Yellow
2021-07-31,15.62,92,4.74,6.38,7.72,Green
2021-07-31,10.17,91,1.05,1.38,2.81,Yellow
2021-08-01,8.62,76,0.37,0.5,0.98,Yellow
2021-08-01,8.03000000000003,89,4.82,6.76,8.03,Green
2021-08-01,0.5,97,2.88,3.9,8.4,Yellow
2021-08-02,2.61000000000001,86,4.79,6.9,7.89,Yellow
2021-08-02,6.13,74,0.47,0.66,1.61,Green
2021-08-03,2.42000000000002,83,1.43,2.01,2.46,Yellow
2021-08-03,8.69,85,1.4,1.93,6.8,Green
2021-08-04,6.84000000000003,78,1.58,2.17,4.89,Yellow
2021-08-05,4.64000000000004,82,1.03,1.38,3.18,Yellow
2021-08-06,8.68000000000001,87,1.55,2.2,3.66,Yellow
2021-08-07,7.58000000000004,81,1.13,1.58,7.1,Yellow
2021-08-07,15.09,78,2.65,3.61,12.22,Green
2021-08-07,8.41000000000003,96,3.19,4.61,9.03,Green
2021-08-07,19.16,49,1.35,1.89,4.67,Yellow
2021-08-08,5.01000000000005,86,1.59,2.32,8.36,Yellow
2021-08-08,19.99,71,4.6,6.82,12.36,Green
2021-08-08,17.03,81,3.75,4.97,18.51,Green
2021-08-09,11.02,93,2.85,4.16,6.66,Yellow
2021-08-09,14.9,87,1.93,2.84,4.33,Green
2021-08-09,18.8200000000001,76,2.8,3.93,6.01,Green
2021-08-10,10.71,93,1.76,2.37,4.04,Yellow
2021-08-10,18.87,71,2.5,3.59,8.28,Green
2021-08-10,18.8,76,5.88,7.59,10.41,Green
2021-08-11,10.84,93,7.93,10.42,11.5,Yellow
2021-08-11,13.08,87,2.59,3.64,7.89,Green
2021-08-11,19.34,80,34.83,46.11,48.96,Green
2021-08-11,15.81,79,2.94,4.05,12.34,Green
2021-08-11,23.96,68,18.17,25.53,29.23,Green
2021-08-11,17.12,87,1.8,2.58,6.84,Green
2021-08-12,9.91000000000003,93,7.21,10.05,11.7,Yellow
2021-08-12,12.86,91,1.69,2.4,4.98,Green
2021-08-12,25.56,57,20.37,28.85,31.08,Green
2021-08-13,11.23,81,1.76,2.34,4.75,Yellow
2021-08-13,13.11,95,7.18,9.94,13.25,Green
2021-08-13,23.18,58,16.28,24.35,27.18,Green
2021-08-13,13.97,88,2.27,3.06,7.71,Green
2021-08-13,14.94,92,38.64,53.75,57.81,Green
2021-08-14,11.31,93,3.55,4.86,12.02,Yellow
2021-08-14,16.02,96,11.02,13.96,16.64,Green
2021-08-14,26.52,56,15.54,23.0,24.82,Green
2021-08-14,15.8200000000001,94,39.79,51.47,56.8,Green
2021-08-15,9.39000000000004,93,2.06,2.94,3.79,Yellow
2021-08-15,14.4,95,24.41,36.76,39.37,Green
2021-08-15,17.31,95,3.48,4.57,5.03,Yellow
2021-08-15,16.87,95,11.77,16.79,18.66,Green
2021-08-16,7.63,100,8.17,11.18,11.98,Yellow
2021-08-16,20.52,62,23.47,31.69,33.87,Green
2021-08-16,19.77,78,1.85,2.58,3.69,Green
2021-08-17,7.03000000000003,81,1.02,1.33,3.07,Yellow
2021-08-17,18.39,91,1.43,2.13,2.26,Green
2021-08-17,15.04,81,1.61,2.12,2.9,Green
2021-08-17,18.14,75,2.57,3.41,5.02,Green
2021-08-17,18.37,73,2.1,3.29,4.4,Green
2021-08-18,7.5,93,1.52,2.11,6.2,Yellow
2021-08-18,16.48,97,2.98,4.22,4.93,Green
2021-08-18,13.93,79,2.96,4.4,5.8,Green
2021-08-18,4.08000000000004,80,0.35,0.5,0.86,Green
2021-08-18,18.06,87,6.38,8.74,9.96,Green
2021-08-18,13.91,87,2.69,3.47,5.82,Green
2021-08-19,8.43000000000001,91,1.4,1.83,3.7,Red
2021-08-19,16.35,87,2.72,3.62,4.15,Green
2021-08-19,14.73,97,4.1,5.84,6.26,Green
2021-08-19,16.96,66,1.19,1.68,2.22,Green
2021-08-19,18.58,86,5.29,7.36,7.75,Green
2021-08-20,13.01,98,1.14,1.58,3.26,Yellow
2021-08-20,12.65,93,7.06,9.8,11.49,Green
2021-08-20,15.81,94,4.52,6.1,12.12,Green
2021-08-20,12.53,78,0.57,0.79,1.28,Yellow
2021-08-21,6.95000000000005,65,0.8,1.25,4.55,Yellow
2021-08-21,12.03,97,1.66,2.42,2.9,Green
2021-08-21,13.69,86,2.64,3.66,4.62,Yellow
2021-08-21,4.49000000000001,87,0.67,0.9,1.77,Green
2021-08-21,14.75,93,1.17,1.67,3.02,Green
2021-08-22,6.84000000000003,68,0.85,1.14,4.06,Yellow
2021-08-22,12.49,96,2.61,3.74,5.6,Green
2021-08-22,16.09,82,2.66,3.77,5.16,Green
2021-08-22,8.24000000000001,94,2.59,3.52,4.26,Green
2021-08-22,16.81,88,6.3,8.52,9.13,Green
2021-08-22,10.42,85,3.67,4.85,10.65,Green
2021-08-23,3.89000000000004,74,1.88,2.6,4.19,Yellow
2021-08-23,10.67,99,3.66,4.94,5.86,Green
2021-08-23,16.08,82,6.63,8.98,9.84,Yellow
2021-08-23,19.23,68,2.12,2.69,3.24,Green
2021-08-23,23.23,61,6.82,9.57,10.8,Green
2021-08-23,12.84,97,14.06,19.02,20.34,Green
2021-08-23,6.16000000000003,72,0.95,1.37,2.34,Green
2021-08-24,5.04000000000002,87,5.82,8.19,9.44,Red
2021-08-24,13.95,94,3.64,5.22,5.72,Green
2021-08-24,17.55,80,8.95,12.08,12.79,Green
2021-08-24,19.55,91,6.52,8.84,11.35,Green
2021-08-24,16.73,85,16.82,22.45,26.24,Green
2021-08-24,9.28000000000003,93,2.22,3.03,6.62,Green
2021-08-25,5.27000000000004,69,0.88,1.22,3.51,Yellow
2021-08-25,13.62,91,1.37,1.88,3.48,Green
2021-08-25,8.77000000000004,96,5.91,8.55,14.04,Green
2021-08-25,19.94,62,1.83,2.52,3.61,Green
2021-08-25,15.48,90,13.47,18.24,22.01,Green
2021-08-25,13.27,96,2.04,2.66,4.8,Yellow
2021-08-25,3.01000000000005,93,2.64,3.73,5.93,Yellow
2021-08-26,4.01000000000005,93,0.67,1.01,1.34,Yellow
2021-08-26,13.71,95,2.08,2.88,4.54,Green
2021-08-26,11.79,90,3.87,5.63,8.4,Yellow
2021-08-26,1.72000000000003,94,7.84,10.84,15.12,Green
2021-08-26,7.74000000000001,100,6.54,8.43,10.49,Yellow
2021-08-26,8.03000000000003,92,1.61,2.23,2.4,Green
2021-08-27,12.88,88,1.83,2.61,3.35,Green
2021-08-27,13.7,84,1.72,2.41,4.37,Yellow
2021-08-27,10.77,100,10.25,15.23,17.39,Green
2021-08-27,3.53000000000003,85,1.22,1.61,3.8,Green
2021-08-28,3.05000000000001,66,0.62,0.87,3.47,Green
2021-08-28,13.3200000000001,87,1.47,1.88,2.83,Green
2021-08-28,14.24,83,1.82,2.51,6.28,Green
2021-08-28,3.56,86,28.8,38.78,40.09,Green
2021-08-28,17.8200000000001,82,2.46,3.38,4.63,Green
2021-08-28,18.97,78,1.06,1.41,2.47,Green
2021-08-28,11.33,92,6.59,9.44,13.16,Green
2021-08-28,1.70000000000005,100,5.6,7.71,9.76,Green
2021-08-29,2.05000000000001,64,0.37,0.5,1.28,Yellow
2021-08-29,11.93,88,3.95,5.35,9.04,Green
2021-08-29,17.65,85,1.34,1.82,2.46,Yellow
2021-08-29,1.85000000000002,90,21.22,31.68,33.31,Green
2021-08-29,14.23,81,3.26,4.61,7.44,Green
2021-08-29,16.97,78,2.16,3.03,6.26,Yellow
2021-08-29,11.29,91,2.37,3.32,5.79,Green
2021-08-29,4.73000000000002,78,7.7,10.68,12.08,Yellow
2021-08-30,8.67000000000002,93,0.86,1.12,1.8,Yellow
2021-08-30,13.45,91,1.94,2.95,5.22,Green
2021-08-30,16.46,92,2.16,2.91,3.39,Yellow
2021-08-30,6.42000000000002,96,2.02,2.75,3.22,Green
2021-08-30,19.91,75,3.65,5.26,7.91,Green
2021-08-30,12.61,89,3.6,5.02,11.76,Green
2021-08-30,8.64000000000004,89,2.82,4.15,7.33,Yellow
2021-08-31,6.84000000000003,81,0.35,0.5,1.22,Yellow
2021-08-31,15.75,86,1.92,2.65,4.01,Green
2021-08-31,15.8200000000001,83,2.44,3.56,5.36,Green
2021-08-31,19.79,74,1.18,1.58,2.61,Green
2021-08-31,21.65,71,2.04,2.76,3.76,Green
2021-08-31,7.68000000000001,95,5.97,8.04,8.58,Yellow
2021-09-01,2.24000000000001,84,0.65,0.94,3.18,Yellow
2021-09-01,16.0700000000001,84,0.62,0.89,1.89,Green
2021-09-01,10.33,85,1.11,1.65,2.77,Green
2021-09-01,14.26,94,3.5,4.83,7.25,Green
2021-09-01,7.45000000000005,96,15.83,21.41,21.6,Yellow
2021-09-02,1.96000000000004,100,0.82,1.16,1.35,Yellow
2021-09-02,16.75,95,1.19,1.59,2.74,Green
2021-09-02,11.02,96,1.52,2.0,2.26,Green
2021-09-02,17.94,83,1.15,1.65,2.07,Green
2021-09-02,16.97,87,2.76,4.06,5.74,Green
2021-09-02,7.40000000000003,94,17.38,22.14,23.34,Yellow
2021-09-03,4.56,80,1.29,1.72,1.88,Yellow
2021-09-03,15.17,85,1.56,2.24,2.75,Green
2021-09-03,8.64000000000004,81,1.26,1.72,2.86,Yellow
2021-09-03,19.22,79,7.08,9.81,11.03,Green
2021-09-03,14.1,64,0.47,0.68,1.04,Green
2021-09-03,9.77000000000004,87,2.28,3.12,6.66,Green
2021-09-03,5.85000000000002,94,5.49,7.73,8.1,Yellow
2021-09-04,5.67000000000002,80,0.36,0.5,1.21,Yellow
2021-09-04,9.83000000000004,92,0.36,0.5,0.54,Green
2021-09-04,13.69,64,0.73,1.04,1.55,Green
2021-09-04,13.71,64,0.49,0.66,0.95,Green
2021-09-04,3.98000000000002,91,7.33,10.09,10.83,Yellow
2021-09-05,1.56,88,2.08,2.96,4.76,Yellow
2021-09-05,9.73000000000002,90,0.99,1.34,1.69,Green
2021-09-05,3.66000000000003,76,2.9,3.98,5.01,Green
2021-09-06,0.840000000000032,93,1.76,2.39,3.74,Yellow
2021-09-06,8.32000000000005,87,0.4,0.54,0.77,Green
2021-09-06,11.03,92,1.75,2.51,2.74,Green
2021-09-06,8.5,77,0.97,1.32,2.19,Green
2021-09-07,6.35000000000002,75,0.38,0.52,1.22,Yellow
2021-09-07,13.18,90,0.44,0.64,0.69,Green
2021-09-07,3.03000000000003,76,12.13,15.81,16.89,Yellow
2021-09-08,4.78000000000003,86,0.51,0.68,0.99,Red
2021-09-08,11.19,90,1.61,2.1,2.28,Green
2021-09-08,8.03000000000003,82,1.18,1.62,3.42,Green
2021-09-08,14.51,71,1.24,1.56,2.19,Green
2021-09-08,8.27000000000004,90,5.71,7.96,9.8,Yellow
2021-09-09,5.42000000000002,83,0.35,0.5,1.29,Yellow
2021-09-09,9.35000000000002,89,0.77,1.08,1.36,Yellow
2021-09-09,12.65,76,0.42,0.58,0.68,Green
2021-09-09,11.61,77,0.44,0.6,0.8,Green
2021-09-09,10.02,80,4.0,5.49,6.84,Yellow
2021-09-10,0.57000000000005,86,3.2,4.51,5.47,Red
2021-09-10,8.18000000000001,90,0.35,0.5,1.06,Green
2021-09-10,12.31,79,6.05,8.36,10.2,Yellow
2021-09-10,11.88,80,0.69,0.92,1.16,Green
2021-09-10,11.58,78,0.76,1.05,2.02,Green
2021-09-10,11.85,84,1.16,1.54,1.91,Green
2021-09-10,9.10000000000002,85,3.98,5.39,6.25,Green
2021-09-11,11.01,93,2.0,2.82,3.49,Yellow
2021-09-11,8.64000000000004,93,0.56,0.8,1.14,Green
2021-09-12,11.27,81,3.27,4.84,7.43,Yellow
2021-09-12,9.39000000000004,93,0.86,1.11,1.2,Green
2021-09-12,14.0,97,5.52,7.31,9.44,Yellow
2021-09-12,16.03,87,6.01,8.35,10.75,Green
2021-09-12,11.54,89,3.78,5.08,6.89,Green
2021-09-12,8.20000000000005,94,2.04,2.81,3.8,Yellow
2021-09-13,9.94,95,1.89,2.59,3.86,Red
2021-09-13,10.55,81,0.45,0.62,1.69,Green
2021-09-13,2.05000000000001,97,3.77,5.34,6.81,Green
2021-09-14,8.22000000000003,81,0.86,1.18,2.24,Red
2021-09-14,14.23,95,0.46,0.68,0.96,Green
2021-09-14,15.9,72,2.59,3.67,4.91,Green
2021-09-14,14.92,87,9.21,12.69,13.31,Green
2021-09-14,13.26,91,6.3,8.58,9.39,Green
2021-09-15,5.40000000000003,93,4.34,6.03,7.14,Red
2021-09-15,12.45,91,3.14,4.2,7.32,Green
2021-09-15,8.5,91,2.06,2.85,5.97,Yellow
2021-09-15,9.39000000000004,95,11.76,16.2,17.25,Green
2021-09-16,1.05000000000001,90,10.82,15.17,16.99,Red
2021-09-16,12.18,95,2.31,2.95,3.75,Green
2021-09-16,0.920000000000016,93,2.76,3.67,4.54,Yellow
2021-09-17,6.47000000000003,89,1.18,1.74,2.61,Red
2021-09-17,12.43,91,2.03,2.7,4.26,Green
2021-09-17,12.4,78,2.27,3.19,5.09,Green
2021-09-17,2.46000000000004,94,5.47,7.93,10.88,Yellow
2021-09-18,3.22000000000003,91,3.42,4.83,5.57,Yellow
2021-09-18,8.06,95,0.81,1.2,4.26,Green
2021-09-18,12.37,88,4.58,5.86,7.85,Yellow
2021-09-18,12.5700000000001,86,3.48,4.86,5.94,Yellow
2021-09-18,6.76000000000005,71,15.02,20.74,22.52,Yellow
2021-09-19,5.41000000000003,71,1.02,1.44,7.38,Yellow
2021-09-19,11.21,89,0.73,1.04,2.4,Green
2021-09-19,10.92,74,1.49,2.16,2.93,Green
2021-09-19,3.13,70,9.28,13.28,15.09,Yellow
2021-09-20,2.83000000000004,58,0.49,0.71,2.99,Red
2021-09-20,11.41,97,1.71,2.25,3.05,Green
2021-09-20,12.75,74,0.69,0.97,1.47,Green
2021-09-20,10.13,89,1.87,2.6,3.23,Green
2021-09-20,2.86000000000001,66,18.99,25.12,26.71,Green
2021-09-21,-0.849999999999966,76,17.95,25.1,27.17,Yellow
2021-09-21,10.81,92,1.24,1.77,3.39,Yellow
2021-09-21,11.59,91,5.83,7.54,8.55,Yellow
2021-09-21,12.76,79,3.83,5.24,6.48,Green
2021-09-21,5.48000000000002,93,2.22,3.31,7.17,Green
2021-09-22,3.69,100,20.29,27.72,29.86,Red
2021-09-22,7.60000000000002,89,2.6,3.54,4.22,Green
2021-09-22,15.38,96,1.14,1.6,2.17,Yellow
2021-09-22,11.76,76,1.26,1.69,3.09,Green
2021-09-22,12.11,92,7.7,10.95,12.33,Yellow
2021-09-22,9.78000000000003,94,12.53,17.1,18.27,Green
2021-09-22,3.95000000000005,93,17.24,25.56,27.77,Green
2021-09-23,7.01000000000005,100,2.42,3.12,5.44,Yellow
2021-09-23,6.74000000000001,93,2.19,2.95,3.99,Green
2021-09-23,16.0700000000001,95,1.63,2.17,2.27,Green
2021-09-23,0.78000000000003,93,22.93,32.61,35.79,Green
2021-09-24,3.85000000000002,100,0.46,0.63,2.54,Yellow
2021-09-24,11.39,93,3.58,5.17,5.61,Green
2021-09-24,9.48000000000002,87,3.39,4.59,5.53,Red
2021-09-24,12.36,77,5.81,8.39,10.23,Green
2021-09-24,5.39000000000004,65,26.0,35.55,38.66,Yellow
2021-09-25,2.61000000000001,87,0.6,0.82,1.32,Yellow
2021-09-25,10.61,93,12.81,17.84,18.98,Green
2021-09-25,5.74000000000001,86,1.31,1.72,2.57,Green
2021-09-26,4.91000000000003,96,6.09,8.49,9.37,Yellow
2021-09-26,15.39,97,0.31,0.5,0.58,Green
2021-09-26,8.63,90,2.73,3.95,4.92,Green
2021-09-26,16.52,71,1.44,1.93,2.76,Green
2021-09-26,7.01000000000005,97,13.64,17.79,19.3,Yellow
2021-09-27,7.70000000000005,97,4.01,6.05,7.18,Yellow
2021-09-27,12.09,93,1.78,2.58,4.27,Green
2021-09-27,10.69,75,0.82,1.11,2.62,Green
2021-09-27,10.65,82,1.02,1.45,2.88,Yellow
2021-09-27,7.52000000000004,95,5.79,8.07,9.55,Yellow
2021-09-28,6.29000000000002,100,5.19,7.22,7.75,Red
2021-09-28,5.69,80,0.36,0.5,0.86,Green
2021-09-28,11.2,95,1.77,2.36,2.86,Yellow
2021-09-28,5.17000000000002,82,0.56,0.74,1.48,Green
2021-09-28,11.6,81,3.09,4.26,6.53,Green
2021-09-29,13.5700000000001,93,1.74,2.41,2.91,Yellow
2021-09-29,9.13,82,0.72,1.05,2.38,Green
2021-09-29,8.86000000000001,88,1.3,1.95,2.54,Yellow
2021-09-29,7.90000000000003,89,1.4,1.95,2.65,Yellow
2021-09-29,11.06,78,1.15,1.58,3.39,Green
2021-09-30,13.0,100,1.61,2.03,3.86,Yellow
2021-09-30,8.18000000000001,88,0.85,1.11,2.27,Green
2021-09-30,13.93,85,1.32,1.93,3.79,Yellow
2021-09-30,8.28000000000003,93,2.0,2.93,4.05,Green
2021-10-01,12.38,87,4.79,6.7,12.26,Yellow
2021-10-01,10.2,82,0.98,1.44,1.77,Green
2021-10-02,11.22,86,2.11,2.89,3.19,Yellow
2021-10-02,13.0,86,3.29,4.99,6.67,Green
2021-10-02,9.70000000000005,80,1.32,1.8,2.14,Green
2021-10-02,14.31,82,1.68,2.39,3.78,Green
2021-10-02,1.62,91,10.68,15.19,16.27,Yellow
2021-10-03,8.33000000000004,80,0.97,1.35,2.1,Red
2021-10-03,9.56,89,0.61,0.84,1.18,Green
2021-10-03,8.45000000000005,90,0.63,0.89,1.75,Yellow
2021-10-03,13.34,87,2.52,3.6,3.97,Green
2021-10-04,5.17000000000002,96,0.34,0.5,0.88,Red
2021-10-04,15.2,85,1.02,1.33,2.14,Green
2021-10-04,7.02000000000004,92,1.07,1.44,2.13,Yellow
2021-10-04,11.23,88,0.96,1.33,1.52,Yellow
2021-10-04,5.91000000000003,90,2.56,3.3,3.55,Yellow
2021-10-05,2.22000000000003,86,0.54,0.71,2.09,Yellow
2021-10-05,13.45,87,0.97,1.44,2.17,Green
2021-10-05,8.88,87,0.46,0.6,1.16,Yellow
2021-10-05,14.59,80,1.9,2.45,3.71,Green
2021-10-05,10.26,88,2.13,3.15,4.02,Yellow
2021-10-06,-2.01999999999998,80,6.72,9.05,10.58,Red
2021-10-06,12.24,94,1.49,1.97,2.44,Green
2021-10-06,4.45000000000005,94,1.96,2.71,4.19,Red
2021-10-06,8.62,92,1.27,1.85,3.11,Green
2021-10-06,10.33,86,1.22,1.87,3.19,Green
2021-10-07,2.79000000000002,80,0.61,0.82,2.09,Yellow
2021-10-07,8.05000000000001,92,0.37,0.51,0.58,Green
2021-10-07,13.23,66,0.49,0.7,1.03,Green
2021-10-07,7.30000000000001,87,0.53,0.72,0.78,Yellow
2021-10-08,5.73000000000002,100,0.96,1.38,1.56,Red
2021-10-08,6.54000000000002,85,0.85,1.11,1.59,Yellow
2021-10-08,11.81,89,0.72,1.05,1.13,Green
2021-10-08,9.07000000000005,81,1.57,2.21,2.62,Yellow
2021-10-08,3.48000000000002,82,2.48,3.52,4.48,Yellow
2021-10-09,2.51000000000005,86,0.4,0.53,1.02,Yellow
2021-10-09,8.15000000000003,86,0.35,0.5,0.84,Green
2021-10-09,1.86000000000001,90,2.57,3.79,4.67,Yellow
2021-10-09,8.57000000000005,93,0.59,0.78,1.11,Green
2021-10-09,0.970000000000027,89,1.22,1.77,2.25,Yellow
2021-10-10,3.0,93,4.35,6.41,8.64,Yellow
2021-10-10,3.36000000000001,95,0.51,0.7,1.23,Green
2021-10-10,7.70000000000005,91,1.63,2.44,3.73,Yellow
2021-10-10,9.5,82,2.62,3.93,5.06,Green
2021-10-10,9.27000000000004,91,1.9,2.64,6.28,Green
2021-10-10,2.55000000000001,93,6.12,8.26,9.33,Yellow
2021-10-11,7.79000000000002,100,10.56,14.31,16.59,Yellow
2021-10-11,6.43000000000001,92,3.27,4.51,4.91,Green
2021-10-11,11.34,92,1.54,2.14,2.97,Green
2021-10-11,5.39000000000004,86,2.65,3.58,4.61,Green
2021-10-11,6.82000000000005,76,7.41,10.19,10.97,Green
2021-10-12,0.770000000000039,85,9.85,12.54,18.71,Red
2021-10-12,5.24000000000001,83,0.35,0.5,0.89,Green
2021-10-12,5.13,89,1.89,2.59,7.81,Green
2021-10-12,6.48000000000002,87,0.72,0.94,1.61,Green
2021-10-12,10.54,80,6.64,9.44,9.86,Green
2021-10-13,1.46000000000004,86,9.55,13.84,16.94,Yellow
2021-10-13,6.43000000000001,96,0.48,0.66,1.34,Green
2021-10-13,11.44,97,2.54,3.53,7.87,Yellow
2021-10-13,10.48,94,7.67,11.25,12.62,Green
2021-10-14,0.660000000000025,85,10.03,14.27,17.13,Red
2021-10-14,10.3,81,0.35,0.5,1.27,Green
2021-10-14,11.77,89,1.26,1.91,2.97,Yellow
2021-10-14,13.08,86,1.65,2.15,3.68,Green
2021-10-14,7.40000000000003,93,15.1,20.23,26.43,Green
2021-10-15,3.86000000000001,95,11.89,16.45,17.88,Yellow
2021-10-15,10.24,76,1.06,1.46,7.57,Green
2021-10-15,11.51,89,2.09,3.27,4.24,Green
2021-10-15,14.04,80,2.37,3.29,5.31,Green
2021-10-15,6.54000000000002,91,11.49,15.54,17.45,Yellow
2021-10-16,4.29000000000002,93,7.15,10.14,11.74,Red
2021-10-16,8.32000000000005,91,1.39,1.88,7.28,Green
2021-10-16,9.65000000000003,92,2.34,3.26,4.42,Yellow
2021-10-16,6.73000000000002,93,11.03,15.38,16.36,Yellow
2021-10-17,1.82000000000005,93,2.69,4.0,6.32,Yellow
2021-10-17,10.64,86,2.08,3.05,5.29,Green
2021-10-17,12.87,87,2.36,3.14,3.87,Green
2021-10-17,11.5,97,7.3,10.13,10.78,Green
2021-10-17,6.92000000000002,97,15.95,20.57,22.0,Yellow
2021-10-18,-0.20999999999998,78,12.39,17.16,19.58,Red
2021-10-18,9.01000000000005,96,2.13,2.77,3.77,Yellow
2021-10-18,8.68000000000001,89,2.57,3.74,6.23,Yellow
2021-10-19,4.23000000000002,93,7.71,11.2,12.68,Yellow
2021-10-19,6.67000000000002,97,1.09,1.59,2.27,Green
2021-10-19,9.33000000000004,94,6.15,8.31,11.65,Green
2021-10-19,3.82000000000005,90,1.77,2.62,3.43,Green
2021-10-20,3.51000000000005,73,0.77,1.05,3.37,Yellow
2021-10-20,10.96,90,3.23,4.12,6.35,Green
2021-10-20,6.5,97,8.87,12.13,13.8,Green
2021-10-20,11.39,74,3.96,5.35,14.29,Green
2021-10-20,7.15000000000003,89,19.06,27.26,29.71,Yellow
2021-10-21,3.94,87,1.5,2.17,4.13,Yellow
2021-10-21,11.43,86,1.26,1.9,3.35,Green
2021-10-21,6.79000000000002,78,17.05,23.72,26.47,Yellow
2021-10-22,4.52000000000004,79,1.45,1.89,3.22,Yellow
2021-10-22,7.01000000000005,97,7.54,10.54,11.71,Green
2021-10-22,6.88,87,2.41,3.49,9.16,Yellow
2021-10-22,8.23000000000002,80,12.87,17.7,20.49,Yellow
2021-10-23,6.87,78,0.44,0.63,1.29,Yellow
2021-10-23,8.63,90,1.87,2.53,3.1,Green
2021-10-23,9.16000000000003,75,7.03,9.79,11.32,Green
2021-10-24,4.12,78,4.89,6.89,7.7,Red
2021-10-24,8.85000000000002,97,2.95,4.05,4.6,Yellow
2021-10-24,8.24000000000001,87,7.08,9.94,14.9,Yellow
2021-10-25,2.74000000000001,86,7.32,9.84,10.48,Yellow
2021-10-25,8.71000000000004,82,1.66,2.36,10.97,Green
2021-10-25,4.83000000000004,85,8.8,12.05,15.63,Yellow
2021-10-26,2.09000000000003,93,5.55,8.13,8.88,Red
2021-10-26,11.36,89,0.89,1.24,2.95,Yellow
2021-10-26,2.70000000000005,86,0.85,1.2,2.15,Green
2021-10-27,7.76000000000005,87,0.6,0.83,1.47,Yellow
2021-10-27,9.69,89,0.98,1.39,2.65,Green
2021-10-27,1.70000000000005,94,4.81,6.99,8.9,Green
2021-10-27,6.78000000000003,83,1.12,1.48,3.86,Green
2021-10-27,4.15000000000003,83,9.04,13.25,15.1,Yellow
2021-10-28,1.49000000000001,93,5.82,7.66,12.13,Yellow
2021-10-28,6.48000000000002,94,8.95,12.47,13.73,Yellow
2021-10-28,7.49000000000001,83,5.64,8.57,9.81,Green
2021-10-29,9.62,81,0.84,1.25,2.13,Red
2021-10-29,5.25,94,3.08,4.12,4.86,Green
2021-10-29,4.06,85,8.01,10.49,13.82,Yellow
2021-10-30,1.59000000000003,83,1.07,1.47,4.4,Yellow
2021-10-30,2.92000000000002,87,1.35,1.92,3.25,Green
2021-10-30,2.63,84,2.51,3.63,4.65,Yellow
2021-10-30,2.43000000000001,80,8.5,11.85,13.49,Yellow
2021-10-31,7.34000000000003,96,0.55,0.74,1.17,Green
2021-10-31,10.88,75,8.76,11.63,12.81,Yellow
2021-11-01,6.43000000000001,81,0.47,0.65,1.6,Green
2021-11-01,9.13,92,9.57,13.1,13.7,Yellow
2021-11-02,2.40000000000003,85,0.41,0.58,1.29,Green
2021-11-02,-2.37,98,2.74,3.89,4.25,Yellow
2021-11-02,3.24000000000001,56,0.37,0.52,0.73,Green
2021-11-02,9.91000000000003,86,7.73,10.53,11.07,Yellow
2021-11-03,6.60000000000002,88,1.28,1.72,1.92,Green
2021-11-03,4.11000000000001,93,1.87,2.69,3.21,Green
2021-11-03,3.31,72,3.56,5.02,5.84,Green
2021-11-03,10.55,92,11.01,14.94,15.41,Yellow
2021-11-04,3.03000000000003,69,0.36,0.5,0.6,Green
2021-11-04,9.93000000000001,90,0.47,0.65,0.74,Yellow
2021-11-04,10.67,84,0.93,1.37,1.88,Green
2021-11-04,6.40000000000003,87,0.92,1.26,1.84,Yellow
2021-11-05,0.110000000000014,64,0.4,0.54,0.96,Green
2021-11-05,1.13,83,0.56,0.81,1.31,Yellow
2021-11-05,8.63,75,0.47,0.67,0.94,Yellow
2021-11-05,9.63,88,2.33,3.15,4.18,Yellow
2021-11-06,3.28000000000003,75,0.66,0.9,1.29,Yellow
2021-11-06,1.10000000000002,84,2.5,3.55,4.37,Green
2021-11-06,11.5,87,1.05,1.38,1.84,Yellow
2021-11-07,9.62,89,0.92,1.32,2.07,Yellow
2021-11-07,4.10000000000002,97,15.56,22.75,24.01,Yellow
2021-11-07,5.78000000000003,90,5.08,7.4,8.05,Green
2021-11-07,10.38,89,3.53,4.86,6.89,Yellow
2021-11-08,6.70000000000005,85,0.53,0.76,1.05,Green
2021-11-08,4.30000000000001,90,0.39,0.5,0.68,Yellow
2021-11-08,6.60000000000002,70,0.56,0.73,1.45,Yellow
2021-11-08,5.92000000000002,93,1.76,2.38,4.53,Yellow
2021-11-09,1.56,74,0.37,0.5,0.67,Green
2021-11-10,6.30000000000001,92,0.63,0.86,1.16,Green
2021-11-10,1.90000000000003,92,0.94,1.3,2.06,Yellow
2021-11-10,7.30000000000001,93,0.71,0.97,1.23,Green
2021-11-10,6.78000000000003,88,0.54,0.72,0.81,Yellow
2021-11-11,4.76000000000005,76,0.48,0.67,1.33,Yellow
2021-11-11,4.82000000000005,83,0.6,0.86,1.89,Green
2021-11-11,4.34000000000003,86,0.48,0.7,1.31,Green
2021-11-11,5.86000000000001,90,2.1,2.93,5.79,Yellow
2021-11-12,3.93000000000001,88,0.36,0.5,0.6,Green
2021-11-12,4.30000000000001,88,0.52,0.71,0.94,Green
2021-11-12,7.82000000000005,70,0.38,0.5,0.6,Green
2021-11-13,3.04000000000002,90,0.38,0.5,0.64,Green
2021-11-13,6.42000000000002,97,1.11,1.55,1.92,Yellow
2021-11-13,8.14000000000004,90,2.78,3.64,8.42,Yellow
2021-11-14,3.61000000000001,86,0.78,1.11,1.64,Green
2021-11-15,5.27000000000004,89,0.37,0.5,0.7,Green
2021-11-15,5.21000000000004,91,0.4,0.51,0.67,Green
2021-11-15,5.59000000000003,83,2.0,2.69,4.23,Yellow
2021-11-15,14.05,95,6.7,9.58,11.42,Yellow
2021-11-16,11.54,94,12.8,16.54,23.11,Yellow
2021-11-17,6.31,90,0.36,0.5,0.74,Green
2021-11-17,10.08,95,3.13,4.36,10.73,Yellow
2021-11-18,4.09000000000003,70,0.36,0.5,0.9,Yellow
2021-11-18,5.60000000000002,90,0.62,0.87,1.44,Green
2021-11-18,9.12,95,4.72,6.62,7.81,Yellow
2021-11-18,11.51,85,2.83,4.12,6.43,Green
2021-11-18,11.79,93,2.27,3.35,3.87,Yellow
2021-11-19,2.43000000000001,80,0.51,0.69,1.85,Yellow
2021-11-19,10.86,97,2.97,3.94,4.27,Green
2021-11-19,11.77,91,2.4,3.32,7.05,Yellow
2021-11-20,9.45000000000005,87,1.45,2.12,2.45,Yellow
2021-11-20,10.3,81,2.09,2.97,3.62,Yellow
2021-11-20,10.83,93,4.6,6.58,11.06,Yellow
2021-11-21,7.03000000000003,81,0.73,1.07,1.91,Yellow
2021-11-21,8.12,79,5.26,7.16,7.78,Yellow
2021-11-21,9.58000000000004,92,4.93,6.61,9.24,Yellow
2021-11-22,10.42,84,0.77,1.04,2.21,Green
2021-11-22,10.52,86,2.54,3.62,4.9,Yellow
2021-11-23,4.47000000000003,98,5.95,8.06,8.74,Red
2021-11-23,4.52000000000004,84,2.22,3.25,3.75,Green
2021-11-23,9.49000000000001,90,0.91,1.29,1.54,Yellow
2021-11-24,4.42000000000002,86,1.09,1.49,1.76,Yellow
2021-11-24,7.66000000000003,94,12.01,16.59,17.68,Green
2021-11-25,4.11000000000001,80,0.58,0.8,1.82,Yellow
2021-11-25,1.75,80,4.52,6.09,9.41,Red
2021-11-25,6.67000000000002,98,2.76,3.81,4.57,Green
2021-11-26,8.15000000000003,75,8.06,11.04,13.28,Yellow
2021-11-26,2.22000000000003,93,6.65,8.93,9.34,Green
2021-11-26,2.94,94,10.53,14.96,16.03,Yellow
2021-11-26,5.04000000000002,97,3.27,4.41,5.03,Green
2021-11-26,13.75,86,2.27,3.42,5.83,Yellow
2021-11-27,2.88,75,8.63,12.33,14.22,Yellow
2021-11-27,4.12,94,11.81,15.56,16.94,Green
2021-11-27,6.82000000000005,96,2.03,2.89,5.33,Green
2021-11-28,5.66000000000003,93,7.93,10.91,12.18,Yellow
2021-11-28,3.0,81,4.97,6.9,11.37,Green
2021-11-28,7.46000000000004,95,1.65,2.32,2.56,Green
2021-11-28,10.09,72,0.78,1.1,2.3,Yellow
2021-11-29,6.63,93,1.72,2.36,3.11,Yellow
2021-11-29,8.19,87,3.83,5.91,7.42,Yellow
2021-11-30,5.70000000000005,92,26.48,37.9,39.35,Yellow
2021-11-30,6.83000000000004,96,1.87,2.53,2.89,Green
2021-11-30,8.33000000000004,98,1.36,2.09,2.17,Yellow
2021-11-30,9.41000000000003,90,0.75,1.01,1.35,Green
2021-11-30,8.84000000000003,93,3.19,4.75,5.43,Yellow
2021-12-01,6.41000000000003,83,34.16,44.02,47.56,Yellow
2021-12-01,4.99000000000001,96,2.0,2.82,4.12,Green
2021-12-01,10.2,97,2.73,4.05,5.53,Green
2021-12-01,10.42,83,1.17,1.64,1.83,Green
